{"v":"5.7.13","fr":29.9700012207031,"ip":0,"op":149.000006068894,"w":1125,"h":900,"nm":"ì»´í¬ì§ì 3","ddd":0,"assets":[],"layers":[{"ddd":0,"ind":2,"ty":4,"nm":"ëª¨ì ë ì´ì´ 30","sr":1,"ks":{"o":{"a":0,"k":20,"ix":11},"r":{"a":0,"k":0,"ix":10},"p":{"a":0,"k":[9.7,626.364,0],"ix":2,"l":2},"a":{"a":0,"k":[0,-4.375,0],"ix":1,"l":2},"s":{"a":0,"k":[95,95,100],"ix":6,"l":2}},"ao":0,"shapes":[{"ty":"gr","it":[{"ind":0,"ty":"sh","ix":1,"ks":{"a":0,"k":{"i":[[0,0],[0,0]],"o":[[0,0],[0,0]],"v":[[0.125,0.25],[13.002,-36.434]],"c":false},"ix":2},"nm":"í¨ì¤ 1","mn":"ADBE Vector Shape - Group","hd":false},{"ty":"st","c":{"a":0,"k":[0.9725490196078431,0.20784313725490197,0.29411764705882354,1],"ix":3},"o":{"a":0,"k":100,"ix":4},"w":{"a":0,"k":4,"ix":5},"lc":2,"lj":1,"ml":4,"bm":0,"nm":"ì  1","mn":"ADBE Vector Graphic - Stroke","hd":false},{"ty":"tr","p":{"a":0,"k":[0,0],"ix":2},"a":{"a":0,"k":[0,0],"ix":1},"s":{"a":0,"k":[122.695,98.367],"ix":3},"r":{"a":0,"k":0,"ix":6},"o":{"a":0,"k":100,"ix":7},"sk":{"a":0,"k":0,"ix":4},"sa":{"a":0,"k":0,"ix":5},"nm":"ë³í"}],"nm":"ëª¨ì 1","np":3,"cix":2,"bm":0,"ix":1,"mn":"ADBE Vector Group","hd":false},{"ty":"tm","s":{"a":1,"k":[{"i":{"x":[0.667],"y":[1]},"o":{"x":[0.333],"y":[0]},"t":131,"s":[0]},{"t":143.307505837034,"s":[100]}],"ix":1},"e":{"a":1,"k":[{"i":{"x":[0.667],"y":[1]},"o":{"x":[0.333],"y":[0]},"t":137,"s":[0]},{"t":150.538756131569,"s":[100]}],"ix":2},"o":{"a":0,"k":0,"ix":3},"m":1,"ix":2,"nm":"í¨ì¤ ë¤ë¬ì´ ìë¥´ê¸° 1","mn":"ADBE Vector Filter - Trim","hd":false},{"ty":"rp","c":{"a":0,"k":8,"ix":1},"o":{"a":0,"k":0,"ix":2},"m":1,"ix":3,"tr":{"ty":"tr","p":{"a":0,"k":[0,0],"ix":2},"a":{"a":0,"k":[0,21],"ix":1},"s":{"a":0,"k":[100,100],"ix":3},"r":{"a":0,"k":45,"ix":4},"so":{"a":0,"k":100,"ix":5},"eo":{"a":0,"k":100,"ix":6},"nm":"ë³í"},"nm":"ë°ë³µ 1","mn":"ADBE Vector Filter - Repeater","hd":false}],"ip":131.000005335739,"op":280.000011404634,"st":131.000005335739,"bm":0},{"ddd":0,"ind":3,"ty":4,"nm":"ëª¨ì ë ì´ì´ 29","sr":1,"ks":{"o":{"a":0,"k":20,"ix":11},"r":{"a":0,"k":0,"ix":10},"p":{"a":0,"k":[346.7,326.364,0],"ix":2,"l":2},"a":{"a":0,"k":[0,-4.375,0],"ix":1,"l":2},"s":{"a":0,"k":[95,95,100],"ix":6,"l":2}},"ao":0,"shapes":[{"ty":"gr","it":[{"ind":0,"ty":"sh","ix":1,"ks":{"a":0,"k":{"i":[[0,0],[0,0]],"o":[[0,0],[0,0]],"v":[[0.125,0.25],[13.002,-36.434]],"c":false},"ix":2},"nm":"í¨ì¤ 1","mn":"ADBE Vector Shape - Group","hd":false},{"ty":"st","c":{"a":0,"k":[0.9725490196078431,0.9058823529411765,0.10980392156862745,1],"ix":3},"o":{"a":0,"k":100,"ix":4},"w":{"a":0,"k":4,"ix":5},"lc":2,"lj":1,"ml":4,"bm":0,"nm":"ì  1","mn":"ADBE Vector Graphic - Stroke","hd":false},{"ty":"tr","p":{"a":0,"k":[0,0],"ix":2},"a":{"a":0,"k":[0,0],"ix":1},"s":{"a":0,"k":[122.695,98.367],"ix":3},"r":{"a":0,"k":0,"ix":6},"o":{"a":0,"k":100,"ix":7},"sk":{"a":0,"k":0,"ix":4},"sa":{"a":0,"k":0,"ix":5},"nm":"ë³í"}],"nm":"ëª¨ì 1","np":3,"cix":2,"bm":0,"ix":1,"mn":"ADBE Vector Group","hd":false},{"ty":"tm","s":{"a":1,"k":[{"i":{"x":[0.667],"y":[1]},"o":{"x":[0.333],"y":[0]},"t":120,"s":[0]},{"t":132.307505388995,"s":[100]}],"ix":1},"e":{"a":1,"k":[{"i":{"x":[0.667],"y":[1]},"o":{"x":[0.333],"y":[0]},"t":126,"s":[0]},{"t":139.53875568353,"s":[100]}],"ix":2},"o":{"a":0,"k":0,"ix":3},"m":1,"ix":2,"nm":"í¨ì¤ ë¤ë¬ì´ ìë¥´ê¸° 1","mn":"ADBE Vector Filter - Trim","hd":false},{"ty":"rp","c":{"a":0,"k":8,"ix":1},"o":{"a":0,"k":0,"ix":2},"m":1,"ix":3,"tr":{"ty":"tr","p":{"a":0,"k":[0,0],"ix":2},"a":{"a":0,"k":[0,21],"ix":1},"s":{"a":0,"k":[100,100],"ix":3},"r":{"a":0,"k":45,"ix":4},"so":{"a":0,"k":100,"ix":5},"eo":{"a":0,"k":100,"ix":6},"nm":"ë³í"},"nm":"ë°ë³µ 1","mn":"ADBE Vector Filter - Repeater","hd":false}],"ip":120.0000048877,"op":269.000010956595,"st":120.0000048877,"bm":0},{"ddd":0,"ind":4,"ty":4,"nm":"ëª¨ì ë ì´ì´ 28","sr":1,"ks":{"o":{"a":0,"k":40,"ix":11},"r":{"a":0,"k":0,"ix":10},"p":{"a":0,"k":[1061.7,874.364,0],"ix":2,"l":2},"a":{"a":0,"k":[0,-4.375,0],"ix":1,"l":2},"s":{"a":0,"k":[52,52,100],"ix":6,"l":2}},"ao":0,"shapes":[{"ty":"gr","it":[{"ind":0,"ty":"sh","ix":1,"ks":{"a":0,"k":{"i":[[0,0],[0,0]],"o":[[0,0],[0,0]],"v":[[0.125,0.25],[-0.125,-36.5]],"c":false},"ix":2},"nm":"í¨ì¤ 1","mn":"ADBE Vector Shape - Group","hd":false},{"ty":"st","c":{"a":0,"k":[0.9725490196078431,0.20784313725490197,0.29411764705882354,1],"ix":3},"o":{"a":0,"k":100,"ix":4},"w":{"a":0,"k":7,"ix":5},"lc":2,"lj":1,"ml":4,"bm":0,"nm":"ì  1","mn":"ADBE Vector Graphic - Stroke","hd":false},{"ty":"tr","p":{"a":0,"k":[0,0],"ix":2},"a":{"a":0,"k":[0,0],"ix":1},"s":{"a":0,"k":[122.695,98.367],"ix":3},"r":{"a":0,"k":0,"ix":6},"o":{"a":0,"k":100,"ix":7},"sk":{"a":0,"k":0,"ix":4},"sa":{"a":0,"k":0,"ix":5},"nm":"ë³í"}],"nm":"ëª¨ì 1","np":3,"cix":2,"bm":0,"ix":1,"mn":"ADBE Vector Group","hd":false},{"ty":"tm","s":{"a":1,"k":[{"i":{"x":[0.667],"y":[1]},"o":{"x":[0.333],"y":[0]},"t":117,"s":[0]},{"t":129.307505266802,"s":[100]}],"ix":1},"e":{"a":1,"k":[{"i":{"x":[0.667],"y":[1]},"o":{"x":[0.333],"y":[0]},"t":123,"s":[0]},{"t":136.538755561337,"s":[100]}],"ix":2},"o":{"a":0,"k":0,"ix":3},"m":1,"ix":2,"nm":"í¨ì¤ ë¤ë¬ì´ ìë¥´ê¸° 1","mn":"ADBE Vector Filter - Trim","hd":false},{"ty":"rp","c":{"a":0,"k":8,"ix":1},"o":{"a":0,"k":0,"ix":2},"m":1,"ix":3,"tr":{"ty":"tr","p":{"a":0,"k":[0,0],"ix":2},"a":{"a":0,"k":[0,21],"ix":1},"s":{"a":0,"k":[100,100],"ix":3},"r":{"a":0,"k":45,"ix":4},"so":{"a":0,"k":100,"ix":5},"eo":{"a":0,"k":100,"ix":6},"nm":"ë³í"},"nm":"ë°ë³µ 1","mn":"ADBE Vector Filter - Repeater","hd":false}],"ip":117.000004765508,"op":266.000010834402,"st":117.000004765508,"bm":0},{"ddd":0,"ind":5,"ty":4,"nm":"ëª¨ì ë ì´ì´ 27","sr":1,"ks":{"o":{"a":0,"k":100,"ix":11},"r":{"a":0,"k":0,"ix":10},"p":{"a":0,"k":[830.7,368.364,0],"ix":2,"l":2},"a":{"a":0,"k":[0,-4.375,0],"ix":1,"l":2},"s":{"a":0,"k":[52,52,100],"ix":6,"l":2}},"ao":0,"shapes":[{"ty":"gr","it":[{"ind":0,"ty":"sh","ix":1,"ks":{"a":0,"k":{"i":[[0,0],[0,0]],"o":[[0,0],[0,0]],"v":[[0.125,0.25],[-0.125,-36.5]],"c":false},"ix":2},"nm":"í¨ì¤ 1","mn":"ADBE Vector Shape - Group","hd":false},{"ty":"st","c":{"a":0,"k":[0.9725490196078431,0.9058823529411765,0.10980392156862745,1],"ix":3},"o":{"a":0,"k":100,"ix":4},"w":{"a":0,"k":7,"ix":5},"lc":2,"lj":1,"ml":4,"bm":0,"nm":"ì  1","mn":"ADBE Vector Graphic - Stroke","hd":false},{"ty":"tr","p":{"a":0,"k":[0,0],"ix":2},"a":{"a":0,"k":[0,0],"ix":1},"s":{"a":0,"k":[122.695,98.367],"ix":3},"r":{"a":0,"k":0,"ix":6},"o":{"a":0,"k":100,"ix":7},"sk":{"a":0,"k":0,"ix":4},"sa":{"a":0,"k":0,"ix":5},"nm":"ë³í"}],"nm":"ëª¨ì 1","np":3,"cix":2,"bm":0,"ix":1,"mn":"ADBE Vector Group","hd":false},{"ty":"tm","s":{"a":1,"k":[{"i":{"x":[0.667],"y":[1]},"o":{"x":[0.333],"y":[0]},"t":111,"s":[0]},{"t":123.307505022417,"s":[100]}],"ix":1},"e":{"a":1,"k":[{"i":{"x":[0.667],"y":[1]},"o":{"x":[0.333],"y":[0]},"t":117,"s":[0]},{"t":130.538755316952,"s":[100]}],"ix":2},"o":{"a":0,"k":0,"ix":3},"m":1,"ix":2,"nm":"í¨ì¤ ë¤ë¬ì´ ìë¥´ê¸° 1","mn":"ADBE Vector Filter - Trim","hd":false},{"ty":"rp","c":{"a":0,"k":8,"ix":1},"o":{"a":0,"k":0,"ix":2},"m":1,"ix":3,"tr":{"ty":"tr","p":{"a":0,"k":[0,0],"ix":2},"a":{"a":0,"k":[0,21],"ix":1},"s":{"a":0,"k":[100,100],"ix":3},"r":{"a":0,"k":45,"ix":4},"so":{"a":0,"k":100,"ix":5},"eo":{"a":0,"k":100,"ix":6},"nm":"ë³í"},"nm":"ë°ë³µ 1","mn":"ADBE Vector Filter - Repeater","hd":false}],"ip":111.000004521123,"op":260.000010590017,"st":111.000004521123,"bm":0},{"ddd":0,"ind":6,"ty":1,"nm":"ë¹¨ê° ë¨ì 1","sr":1,"ks":{"o":{"a":0,"k":30,"ix":11},"r":{"a":0,"k":0,"ix":10},"p":{"a":0,"k":[198.761,280.619,0],"ix":2,"l":2},"a":{"a":0,"k":[562.5,450,0],"ix":1,"l":2},"s":{"a":1,"k":[{"i":{"x":[0.833,0.833,0.833],"y":[1,1,1]},"o":{"x":[0.793,0.793,0.333],"y":[0,0,0]},"t":111,"s":[10,10,100]},{"t":147.000005987433,"s":[20,20,100]}],"ix":6,"l":2}},"ao":0,"hasMask":true,"masksProperties":[{"inv":false,"mode":"a","pt":{"a":0,"k":{"i":[[193.895,0],[0,-193.895],[-193.895,0],[0,193.895]],"o":[[-193.895,0],[0,193.895],[193.895,0],[0,-193.895]],"v":[[561.078,98],[210,449.078],[561.078,800.156],[912.156,449.078]],"c":true},"ix":1},"o":{"a":0,"k":100,"ix":3},"x":{"a":1,"k":[{"i":{"x":[0.667],"y":[1]},"o":{"x":[0.333],"y":[0]},"t":111,"s":[-88]},{"t":129.000005254278,"s":[0]}],"ix":4},"nm":"ë§ì¤í¬ 1"},{"inv":false,"mode":"s","pt":{"a":0,"k":{"i":[[170.725,0],[0,-170.725],[-170.725,0],[0,170.725]],"o":[[-170.725,0],[0,170.725],[170.725,0],[0,-170.725]],"v":[[563.125,140],[254,449.125],[563.125,758.25],[872.25,445.125]],"c":true},"ix":1},"o":{"a":0,"k":100,"ix":3},"x":{"a":1,"k":[{"i":{"x":[0.833],"y":[0.833]},"o":{"x":[0.167],"y":[0.167]},"t":111,"s":[-35]},{"i":{"x":[0.667],"y":[1]},"o":{"x":[0.167],"y":[0.167]},"t":129,"s":[-32]},{"t":147.000005987433,"s":[73]}],"ix":4},"nm":"ë§ì¤í¬ 2"}],"sw":1125,"sh":900,"sc":"#f9354c","ip":111.000004521123,"op":260.000010590017,"st":111.000004521123,"bm":0},{"ddd":0,"ind":7,"ty":1,"nm":"ë¹¨ê° ë¨ì 1","sr":1,"ks":{"o":{"a":0,"k":20,"ix":11},"r":{"a":0,"k":0,"ix":10},"p":{"a":0,"k":[90.5,810,0],"ix":2,"l":2},"a":{"a":0,"k":[562.5,450,0],"ix":1,"l":2},"s":{"a":1,"k":[{"i":{"x":[0.667,0.667,0.667],"y":[1,1,1]},"o":{"x":[0.793,0.793,0.333],"y":[0,0,0]},"t":122,"s":[10,10,100]},{"t":138.412505637657,"s":[17,17,100]}],"ix":6,"l":2}},"ao":0,"hasMask":true,"masksProperties":[{"inv":false,"mode":"a","pt":{"a":0,"k":{"i":[[193.895,0],[0,-193.895],[-193.895,0],[0,193.895]],"o":[[-193.895,0],[0,193.895],[193.895,0],[0,-193.895]],"v":[[561.078,98],[210,449.078],[561.078,800.156],[912.156,449.078]],"c":true},"ix":1},"o":{"a":0,"k":100,"ix":3},"x":{"a":1,"k":[{"i":{"x":[0.667],"y":[1]},"o":{"x":[0.333],"y":[0]},"t":122,"s":[-88]},{"t":137.50000560049,"s":[0]}],"ix":4},"nm":"ë§ì¤í¬ 1"},{"inv":false,"mode":"s","pt":{"a":0,"k":{"i":[[170.725,0],[0,-170.725],[-170.725,0],[0,170.725]],"o":[[-170.725,0],[0,170.725],[170.725,0],[0,-170.725]],"v":[[563.125,140],[254,449.125],[563.125,758.25],[872.25,445.125]],"c":true},"ix":1},"o":{"a":0,"k":100,"ix":3},"x":{"a":1,"k":[{"i":{"x":[0.667],"y":[1]},"o":{"x":[0.167],"y":[0.167]},"t":137.5,"s":[-37]},{"t":153.000006231818,"s":[73]}],"ix":4},"nm":"ë§ì¤í¬ 2"}],"sw":1125,"sh":900,"sc":"#f9354c","ip":122.000004969162,"op":271.000011038056,"st":122.000004969162,"bm":0},{"ddd":0,"ind":8,"ty":1,"nm":"ë¹¨ê° ë¨ì 1","sr":1,"ks":{"o":{"a":0,"k":20,"ix":11},"r":{"a":0,"k":0,"ix":10},"p":{"a":0,"k":[1058.5,696,0],"ix":2,"l":2},"a":{"a":0,"k":[562.5,450,0],"ix":1,"l":2},"s":{"a":1,"k":[{"i":{"x":[0.667,0.667,0.667],"y":[1,1,1]},"o":{"x":[0.793,0.793,0.333],"y":[0,0,0]},"t":107,"s":[10,10,100]},{"t":123.000005009893,"s":[8,8,100]}],"ix":6,"l":2}},"ao":0,"hasMask":true,"masksProperties":[{"inv":false,"mode":"a","pt":{"a":0,"k":{"i":[[193.895,0],[0,-193.895],[-193.895,0],[0,193.895]],"o":[[-193.895,0],[0,193.895],[193.895,0],[0,-193.895]],"v":[[561.078,98],[210,449.078],[561.078,800.156],[912.156,449.078]],"c":true},"ix":1},"o":{"a":0,"k":100,"ix":3},"x":{"a":1,"k":[{"i":{"x":[0.667],"y":[1]},"o":{"x":[0.333],"y":[0]},"t":107,"s":[-88]},{"t":122.500004989527,"s":[0]}],"ix":4},"nm":"ë§ì¤í¬ 1"},{"inv":false,"mode":"s","pt":{"a":0,"k":{"i":[[170.725,0],[0,-170.725],[-170.725,0],[0,170.725]],"o":[[-170.725,0],[0,170.725],[170.725,0],[0,-170.725]],"v":[[563.125,140],[254,449.125],[563.125,758.25],[872.25,445.125]],"c":true},"ix":1},"o":{"a":0,"k":100,"ix":3},"x":{"a":1,"k":[{"i":{"x":[0.667],"y":[1]},"o":{"x":[0.167],"y":[0.167]},"t":122.5,"s":[-37]},{"t":138.000005620855,"s":[73]}],"ix":4},"nm":"ë§ì¤í¬ 2"}],"sw":1125,"sh":900,"sc":"#f9354c","ip":107.000004358199,"op":256.000010427094,"st":107.000004358199,"bm":0},{"ddd":0,"ind":9,"ty":1,"nm":"ë¹¨ê° ë¨ì 1","sr":1,"ks":{"o":{"a":0,"k":20,"ix":11},"r":{"a":0,"k":0,"ix":10},"p":{"a":0,"k":[607.5,282,0],"ix":2,"l":2},"a":{"a":0,"k":[562.5,450,0],"ix":1,"l":2},"s":{"a":1,"k":[{"i":{"x":[0.667,0.667,0.667],"y":[1,1,1]},"o":{"x":[0.793,0.793,0.333],"y":[0,0,0]},"t":98,"s":[10,10,100]},{"t":114.412504660117,"s":[17,17,100]}],"ix":6,"l":2}},"ao":0,"hasMask":true,"masksProperties":[{"inv":false,"mode":"a","pt":{"a":0,"k":{"i":[[193.895,0],[0,-193.895],[-193.895,0],[0,193.895]],"o":[[-193.895,0],[0,193.895],[193.895,0],[0,-193.895]],"v":[[561.078,98],[210,449.078],[561.078,800.156],[912.156,449.078]],"c":true},"ix":1},"o":{"a":0,"k":100,"ix":3},"x":{"a":1,"k":[{"i":{"x":[0.667],"y":[1]},"o":{"x":[0.333],"y":[0]},"t":98,"s":[-88]},{"t":113.50000462295,"s":[0]}],"ix":4},"nm":"ë§ì¤í¬ 1"},{"inv":false,"mode":"s","pt":{"a":0,"k":{"i":[[170.725,0],[0,-170.725],[-170.725,0],[0,170.725]],"o":[[-170.725,0],[0,170.725],[170.725,0],[0,-170.725]],"v":[[563.125,140],[254,449.125],[563.125,758.25],[872.25,445.125]],"c":true},"ix":1},"o":{"a":0,"k":100,"ix":3},"x":{"a":1,"k":[{"i":{"x":[0.667],"y":[1]},"o":{"x":[0.167],"y":[0.167]},"t":113.5,"s":[-37]},{"t":129.000005254278,"s":[73]}],"ix":4},"nm":"ë§ì¤í¬ 2"}],"sw":1125,"sh":900,"sc":"#f9354c","ip":98.0000039916218,"op":247.000010060516,"st":98.0000039916218,"bm":0},{"ddd":0,"ind":10,"ty":4,"nm":"ëª¨ì ë ì´ì´ 26","sr":1,"ks":{"o":{"a":0,"k":20,"ix":11},"r":{"a":0,"k":0,"ix":10},"p":{"a":0,"k":[9.7,626.364,0],"ix":2,"l":2},"a":{"a":0,"k":[0,-4.375,0],"ix":1,"l":2},"s":{"a":0,"k":[95,95,100],"ix":6,"l":2}},"ao":0,"shapes":[{"ty":"gr","it":[{"ind":0,"ty":"sh","ix":1,"ks":{"a":0,"k":{"i":[[0,0],[0,0]],"o":[[0,0],[0,0]],"v":[[0.125,0.25],[13.002,-36.434]],"c":false},"ix":2},"nm":"í¨ì¤ 1","mn":"ADBE Vector Shape - Group","hd":false},{"ty":"st","c":{"a":0,"k":[0.2901960784313726,0.5647058823529412,0.8862745098039215,1],"ix":3},"o":{"a":0,"k":100,"ix":4},"w":{"a":0,"k":4,"ix":5},"lc":2,"lj":1,"ml":4,"bm":0,"nm":"ì  1","mn":"ADBE Vector Graphic - Stroke","hd":false},{"ty":"tr","p":{"a":0,"k":[0,0],"ix":2},"a":{"a":0,"k":[0,0],"ix":1},"s":{"a":0,"k":[122.695,98.367],"ix":3},"r":{"a":0,"k":0,"ix":6},"o":{"a":0,"k":100,"ix":7},"sk":{"a":0,"k":0,"ix":4},"sa":{"a":0,"k":0,"ix":5},"nm":"ë³í"}],"nm":"ëª¨ì 1","np":3,"cix":2,"bm":0,"ix":1,"mn":"ADBE Vector Group","hd":false},{"ty":"tm","s":{"a":1,"k":[{"i":{"x":[0.667],"y":[1]},"o":{"x":[0.333],"y":[0]},"t":99,"s":[0]},{"t":111.307504533647,"s":[100]}],"ix":1},"e":{"a":1,"k":[{"i":{"x":[0.667],"y":[1]},"o":{"x":[0.333],"y":[0]},"t":105,"s":[0]},{"t":118.538754828182,"s":[100]}],"ix":2},"o":{"a":0,"k":0,"ix":3},"m":1,"ix":2,"nm":"í¨ì¤ ë¤ë¬ì´ ìë¥´ê¸° 1","mn":"ADBE Vector Filter - Trim","hd":false},{"ty":"rp","c":{"a":0,"k":8,"ix":1},"o":{"a":0,"k":0,"ix":2},"m":1,"ix":3,"tr":{"ty":"tr","p":{"a":0,"k":[0,0],"ix":2},"a":{"a":0,"k":[0,21],"ix":1},"s":{"a":0,"k":[100,100],"ix":3},"r":{"a":0,"k":45,"ix":4},"so":{"a":0,"k":100,"ix":5},"eo":{"a":0,"k":100,"ix":6},"nm":"ë³í"},"nm":"ë°ë³µ 1","mn":"ADBE Vector Filter - Repeater","hd":false}],"ip":99.0000040323527,"op":248.000010101247,"st":99.0000040323527,"bm":0},{"ddd":0,"ind":11,"ty":4,"nm":"ëª¨ì ë ì´ì´ 24","sr":1,"ks":{"o":{"a":0,"k":20,"ix":11},"r":{"a":0,"k":0,"ix":10},"p":{"a":0,"k":[346.7,326.364,0],"ix":2,"l":2},"a":{"a":0,"k":[0,-4.375,0],"ix":1,"l":2},"s":{"a":0,"k":[95,95,100],"ix":6,"l":2}},"ao":0,"shapes":[{"ty":"gr","it":[{"ind":0,"ty":"sh","ix":1,"ks":{"a":0,"k":{"i":[[0,0],[0,0]],"o":[[0,0],[0,0]],"v":[[0.125,0.25],[13.002,-36.434]],"c":false},"ix":2},"nm":"í¨ì¤ 1","mn":"ADBE Vector Shape - Group","hd":false},{"ty":"st","c":{"a":0,"k":[0.2901960784313726,0.5647058823529412,0.8862745098039215,1],"ix":3},"o":{"a":0,"k":100,"ix":4},"w":{"a":0,"k":4,"ix":5},"lc":2,"lj":1,"ml":4,"bm":0,"nm":"ì  1","mn":"ADBE Vector Graphic - Stroke","hd":false},{"ty":"tr","p":{"a":0,"k":[0,0],"ix":2},"a":{"a":0,"k":[0,0],"ix":1},"s":{"a":0,"k":[122.695,98.367],"ix":3},"r":{"a":0,"k":0,"ix":6},"o":{"a":0,"k":100,"ix":7},"sk":{"a":0,"k":0,"ix":4},"sa":{"a":0,"k":0,"ix":5},"nm":"ë³í"}],"nm":"ëª¨ì 1","np":3,"cix":2,"bm":0,"ix":1,"mn":"ADBE Vector Group","hd":false},{"ty":"tm","s":{"a":1,"k":[{"i":{"x":[0.667],"y":[1]},"o":{"x":[0.333],"y":[0]},"t":88,"s":[0]},{"t":100.307504085608,"s":[100]}],"ix":1},"e":{"a":1,"k":[{"i":{"x":[0.667],"y":[1]},"o":{"x":[0.333],"y":[0]},"t":94,"s":[0]},{"t":107.538754380143,"s":[100]}],"ix":2},"o":{"a":0,"k":0,"ix":3},"m":1,"ix":2,"nm":"í¨ì¤ ë¤ë¬ì´ ìë¥´ê¸° 1","mn":"ADBE Vector Filter - Trim","hd":false},{"ty":"rp","c":{"a":0,"k":8,"ix":1},"o":{"a":0,"k":0,"ix":2},"m":1,"ix":3,"tr":{"ty":"tr","p":{"a":0,"k":[0,0],"ix":2},"a":{"a":0,"k":[0,21],"ix":1},"s":{"a":0,"k":[100,100],"ix":3},"r":{"a":0,"k":45,"ix":4},"so":{"a":0,"k":100,"ix":5},"eo":{"a":0,"k":100,"ix":6},"nm":"ë³í"},"nm":"ë°ë³µ 1","mn":"ADBE Vector Filter - Repeater","hd":false}],"ip":88.0000035843135,"op":237.000009653208,"st":88.0000035843135,"bm":0},{"ddd":0,"ind":12,"ty":4,"nm":"ëª¨ì ë ì´ì´ 25","sr":1,"ks":{"o":{"a":0,"k":40,"ix":11},"r":{"a":0,"k":0,"ix":10},"p":{"a":0,"k":[1061.7,874.364,0],"ix":2,"l":2},"a":{"a":0,"k":[0,-4.375,0],"ix":1,"l":2},"s":{"a":0,"k":[52,52,100],"ix":6,"l":2}},"ao":0,"shapes":[{"ty":"gr","it":[{"ind":0,"ty":"sh","ix":1,"ks":{"a":0,"k":{"i":[[0,0],[0,0]],"o":[[0,0],[0,0]],"v":[[0.125,0.25],[-0.125,-36.5]],"c":false},"ix":2},"nm":"í¨ì¤ 1","mn":"ADBE Vector Shape - Group","hd":false},{"ty":"st","c":{"a":0,"k":[0.2901960784313726,0.5647058823529412,0.8862745098039215,1],"ix":3},"o":{"a":0,"k":100,"ix":4},"w":{"a":0,"k":7,"ix":5},"lc":2,"lj":1,"ml":4,"bm":0,"nm":"ì  1","mn":"ADBE Vector Graphic - Stroke","hd":false},{"ty":"tr","p":{"a":0,"k":[0,0],"ix":2},"a":{"a":0,"k":[0,0],"ix":1},"s":{"a":0,"k":[122.695,98.367],"ix":3},"r":{"a":0,"k":0,"ix":6},"o":{"a":0,"k":100,"ix":7},"sk":{"a":0,"k":0,"ix":4},"sa":{"a":0,"k":0,"ix":5},"nm":"ë³í"}],"nm":"ëª¨ì 1","np":3,"cix":2,"bm":0,"ix":1,"mn":"ADBE Vector Group","hd":false},{"ty":"tm","s":{"a":1,"k":[{"i":{"x":[0.667],"y":[1]},"o":{"x":[0.333],"y":[0]},"t":85,"s":[0]},{"t":97.3075039634157,"s":[100]}],"ix":1},"e":{"a":1,"k":[{"i":{"x":[0.667],"y":[1]},"o":{"x":[0.333],"y":[0]},"t":91,"s":[0]},{"t":104.538754257951,"s":[100]}],"ix":2},"o":{"a":0,"k":0,"ix":3},"m":1,"ix":2,"nm":"í¨ì¤ ë¤ë¬ì´ ìë¥´ê¸° 1","mn":"ADBE Vector Filter - Trim","hd":false},{"ty":"rp","c":{"a":0,"k":8,"ix":1},"o":{"a":0,"k":0,"ix":2},"m":1,"ix":3,"tr":{"ty":"tr","p":{"a":0,"k":[0,0],"ix":2},"a":{"a":0,"k":[0,21],"ix":1},"s":{"a":0,"k":[100,100],"ix":3},"r":{"a":0,"k":45,"ix":4},"so":{"a":0,"k":100,"ix":5},"eo":{"a":0,"k":100,"ix":6},"nm":"ë³í"},"nm":"ë°ë³µ 1","mn":"ADBE Vector Filter - Repeater","hd":false}],"ip":85.000003462121,"op":234.000009531015,"st":85.000003462121,"bm":0},{"ddd":0,"ind":13,"ty":4,"nm":"ëª¨ì ë ì´ì´ 23","sr":1,"ks":{"o":{"a":0,"k":100,"ix":11},"r":{"a":0,"k":0,"ix":10},"p":{"a":0,"k":[745.7,262.364,0],"ix":2,"l":2},"a":{"a":0,"k":[0,-4.375,0],"ix":1,"l":2},"s":{"a":0,"k":[52,52,100],"ix":6,"l":2}},"ao":0,"shapes":[{"ty":"gr","it":[{"ind":0,"ty":"sh","ix":1,"ks":{"a":0,"k":{"i":[[0,0],[0,0]],"o":[[0,0],[0,0]],"v":[[0.125,0.25],[-0.125,-36.5]],"c":false},"ix":2},"nm":"í¨ì¤ 1","mn":"ADBE Vector Shape - Group","hd":false},{"ty":"st","c":{"a":0,"k":[0.2901960784313726,0.5647058823529412,0.8862745098039215,1],"ix":3},"o":{"a":0,"k":100,"ix":4},"w":{"a":0,"k":7,"ix":5},"lc":2,"lj":1,"ml":4,"bm":0,"nm":"ì  1","mn":"ADBE Vector Graphic - Stroke","hd":false},{"ty":"tr","p":{"a":0,"k":[0,0],"ix":2},"a":{"a":0,"k":[0,0],"ix":1},"s":{"a":0,"k":[122.695,98.367],"ix":3},"r":{"a":0,"k":0,"ix":6},"o":{"a":0,"k":100,"ix":7},"sk":{"a":0,"k":0,"ix":4},"sa":{"a":0,"k":0,"ix":5},"nm":"ë³í"}],"nm":"ëª¨ì 1","np":3,"cix":2,"bm":0,"ix":1,"mn":"ADBE Vector Group","hd":false},{"ty":"tm","s":{"a":1,"k":[{"i":{"x":[0.667],"y":[1]},"o":{"x":[0.333],"y":[0]},"t":79,"s":[0]},{"t":91.3075037190307,"s":[100]}],"ix":1},"e":{"a":1,"k":[{"i":{"x":[0.667],"y":[1]},"o":{"x":[0.333],"y":[0]},"t":85,"s":[0]},{"t":98.5387540135656,"s":[100]}],"ix":2},"o":{"a":0,"k":0,"ix":3},"m":1,"ix":2,"nm":"í¨ì¤ ë¤ë¬ì´ ìë¥´ê¸° 1","mn":"ADBE Vector Filter - Trim","hd":false},{"ty":"rp","c":{"a":0,"k":8,"ix":1},"o":{"a":0,"k":0,"ix":2},"m":1,"ix":3,"tr":{"ty":"tr","p":{"a":0,"k":[0,0],"ix":2},"a":{"a":0,"k":[0,21],"ix":1},"s":{"a":0,"k":[100,100],"ix":3},"r":{"a":0,"k":45,"ix":4},"so":{"a":0,"k":100,"ix":5},"eo":{"a":0,"k":100,"ix":6},"nm":"ë³í"},"nm":"ë°ë³µ 1","mn":"ADBE Vector Filter - Repeater","hd":false}],"ip":79.000003217736,"op":228.00000928663,"st":79.000003217736,"bm":0},{"ddd":0,"ind":14,"ty":1,"nm":"ë¹¨ê° ë¨ì 1","sr":1,"ks":{"o":{"a":0,"k":30,"ix":11},"r":{"a":0,"k":0,"ix":10},"p":{"a":0,"k":[196.761,325.619,0],"ix":2,"l":2},"a":{"a":0,"k":[562.5,450,0],"ix":1,"l":2},"s":{"a":1,"k":[{"i":{"x":[0.833,0.833,0.833],"y":[1,1,1]},"o":{"x":[0.793,0.793,0.333],"y":[0,0,0]},"t":79,"s":[10,10,100]},{"t":115.000004684046,"s":[20,20,100]}],"ix":6,"l":2}},"ao":0,"hasMask":true,"masksProperties":[{"inv":false,"mode":"a","pt":{"a":0,"k":{"i":[[193.895,0],[0,-193.895],[-193.895,0],[0,193.895]],"o":[[-193.895,0],[0,193.895],[193.895,0],[0,-193.895]],"v":[[561.078,98],[210,449.078],[561.078,800.156],[912.156,449.078]],"c":true},"ix":1},"o":{"a":0,"k":100,"ix":3},"x":{"a":1,"k":[{"i":{"x":[0.667],"y":[1]},"o":{"x":[0.333],"y":[0]},"t":79,"s":[-88]},{"t":97.000003950891,"s":[0]}],"ix":4},"nm":"ë§ì¤í¬ 1"},{"inv":false,"mode":"s","pt":{"a":0,"k":{"i":[[170.725,0],[0,-170.725],[-170.725,0],[0,170.725]],"o":[[-170.725,0],[0,170.725],[170.725,0],[0,-170.725]],"v":[[563.125,140],[254,449.125],[563.125,758.25],[872.25,445.125]],"c":true},"ix":1},"o":{"a":0,"k":100,"ix":3},"x":{"a":1,"k":[{"i":{"x":[0.833],"y":[0.833]},"o":{"x":[0.167],"y":[0.167]},"t":79,"s":[-35]},{"i":{"x":[0.667],"y":[1]},"o":{"x":[0.167],"y":[0.167]},"t":97,"s":[-32]},{"t":115.000004684046,"s":[73]}],"ix":4},"nm":"ë§ì¤í¬ 2"}],"sw":1125,"sh":900,"sc":"#f9354c","ip":79.000003217736,"op":228.00000928663,"st":79.000003217736,"bm":0},{"ddd":0,"ind":15,"ty":1,"nm":"ë¹¨ê° ë¨ì 1","sr":1,"ks":{"o":{"a":0,"k":20,"ix":11},"r":{"a":0,"k":0,"ix":10},"p":{"a":0,"k":[90.5,810,0],"ix":2,"l":2},"a":{"a":0,"k":[562.5,450,0],"ix":1,"l":2},"s":{"a":1,"k":[{"i":{"x":[0.667,0.667,0.667],"y":[1,1,1]},"o":{"x":[0.793,0.793,0.333],"y":[0,0,0]},"t":90,"s":[10,10,100]},{"t":106.41250433427,"s":[17,17,100]}],"ix":6,"l":2}},"ao":0,"hasMask":true,"masksProperties":[{"inv":false,"mode":"a","pt":{"a":0,"k":{"i":[[193.895,0],[0,-193.895],[-193.895,0],[0,193.895]],"o":[[-193.895,0],[0,193.895],[193.895,0],[0,-193.895]],"v":[[561.078,98],[210,449.078],[561.078,800.156],[912.156,449.078]],"c":true},"ix":1},"o":{"a":0,"k":100,"ix":3},"x":{"a":1,"k":[{"i":{"x":[0.667],"y":[1]},"o":{"x":[0.333],"y":[0]},"t":90,"s":[-88]},{"t":105.500004297103,"s":[0]}],"ix":4},"nm":"ë§ì¤í¬ 1"},{"inv":false,"mode":"s","pt":{"a":0,"k":{"i":[[170.725,0],[0,-170.725],[-170.725,0],[0,170.725]],"o":[[-170.725,0],[0,170.725],[170.725,0],[0,-170.725]],"v":[[563.125,140],[254,449.125],[563.125,758.25],[872.25,445.125]],"c":true},"ix":1},"o":{"a":0,"k":100,"ix":3},"x":{"a":1,"k":[{"i":{"x":[0.667],"y":[1]},"o":{"x":[0.167],"y":[0.167]},"t":105.5,"s":[-37]},{"t":121.000004928431,"s":[73]}],"ix":4},"nm":"ë§ì¤í¬ 2"}],"sw":1125,"sh":900,"sc":"#f9354c","ip":90.0000036657751,"op":239.00000973467,"st":90.0000036657751,"bm":0},{"ddd":0,"ind":16,"ty":1,"nm":"ë¹¨ê° ë¨ì 1","sr":1,"ks":{"o":{"a":0,"k":20,"ix":11},"r":{"a":0,"k":0,"ix":10},"p":{"a":0,"k":[929.5,232,0],"ix":2,"l":2},"a":{"a":0,"k":[562.5,450,0],"ix":1,"l":2},"s":{"a":1,"k":[{"i":{"x":[0.667,0.667,0.667],"y":[1,1,1]},"o":{"x":[0.793,0.793,0.333],"y":[0,0,0]},"t":75,"s":[10,10,100]},{"t":91.000003706506,"s":[8,8,100]}],"ix":6,"l":2}},"ao":0,"hasMask":true,"masksProperties":[{"inv":false,"mode":"a","pt":{"a":0,"k":{"i":[[193.895,0],[0,-193.895],[-193.895,0],[0,193.895]],"o":[[-193.895,0],[0,193.895],[193.895,0],[0,-193.895]],"v":[[561.078,98],[210,449.078],[561.078,800.156],[912.156,449.078]],"c":true},"ix":1},"o":{"a":0,"k":100,"ix":3},"x":{"a":1,"k":[{"i":{"x":[0.667],"y":[1]},"o":{"x":[0.333],"y":[0]},"t":75,"s":[-88]},{"t":90.5000036861406,"s":[0]}],"ix":4},"nm":"ë§ì¤í¬ 1"},{"inv":false,"mode":"s","pt":{"a":0,"k":{"i":[[170.725,0],[0,-170.725],[-170.725,0],[0,170.725]],"o":[[-170.725,0],[0,170.725],[170.725,0],[0,-170.725]],"v":[[563.125,140],[254,449.125],[563.125,758.25],[872.25,445.125]],"c":true},"ix":1},"o":{"a":0,"k":100,"ix":3},"x":{"a":1,"k":[{"i":{"x":[0.667],"y":[1]},"o":{"x":[0.167],"y":[0.167]},"t":90.5,"s":[-37]},{"t":106.000004317469,"s":[73]}],"ix":4},"nm":"ë§ì¤í¬ 2"}],"sw":1125,"sh":900,"sc":"#f9354c","ip":75.0000030548126,"op":224.000009123707,"st":75.0000030548126,"bm":0},{"ddd":0,"ind":17,"ty":1,"nm":"ë¹¨ê° ë¨ì 1","sr":1,"ks":{"o":{"a":0,"k":50,"ix":11},"r":{"a":0,"k":0,"ix":10},"p":{"a":0,"k":[930.5,408,0],"ix":2,"l":2},"a":{"a":0,"k":[562.5,450,0],"ix":1,"l":2},"s":{"a":1,"k":[{"i":{"x":[0.667,0.667,0.667],"y":[1,1,1]},"o":{"x":[0.793,0.793,0.333],"y":[0,0,0]},"t":70,"s":[10,10,100]},{"t":86.4125035196533,"s":[17,17,100]}],"ix":6,"l":2}},"ao":0,"hasMask":true,"masksProperties":[{"inv":false,"mode":"a","pt":{"a":0,"k":{"i":[[193.895,0],[0,-193.895],[-193.895,0],[0,193.895]],"o":[[-193.895,0],[0,193.895],[193.895,0],[0,-193.895]],"v":[[561.078,98],[210,449.078],[561.078,800.156],[912.156,449.078]],"c":true},"ix":1},"o":{"a":0,"k":100,"ix":3},"x":{"a":1,"k":[{"i":{"x":[0.667],"y":[1]},"o":{"x":[0.333],"y":[0]},"t":70,"s":[-88]},{"t":85.5000034824864,"s":[0]}],"ix":4},"nm":"ë§ì¤í¬ 1"},{"inv":false,"mode":"s","pt":{"a":0,"k":{"i":[[170.725,0],[0,-170.725],[-170.725,0],[0,170.725]],"o":[[-170.725,0],[0,170.725],[170.725,0],[0,-170.725]],"v":[[563.125,140],[254,449.125],[563.125,758.25],[872.25,445.125]],"c":true},"ix":1},"o":{"a":0,"k":100,"ix":3},"x":{"a":1,"k":[{"i":{"x":[0.667],"y":[1]},"o":{"x":[0.167],"y":[0.167]},"t":85.5,"s":[-37]},{"t":101.000004113814,"s":[73]}],"ix":4},"nm":"ë§ì¤í¬ 2"}],"sw":1125,"sh":900,"sc":"#f9354c","ip":70.0000028511585,"op":219.000008920053,"st":70.0000028511585,"bm":0},{"ddd":0,"ind":18,"ty":4,"nm":"ëª¨ì ë ì´ì´ 22","sr":1,"ks":{"o":{"a":1,"k":[{"i":{"x":[0.833],"y":[0.833]},"o":{"x":[0.167],"y":[0.167]},"t":28,"s":[0]},{"i":{"x":[0.833],"y":[0.833]},"o":{"x":[0.167],"y":[0.167]},"t":40,"s":[40]},{"t":58.0000023623884,"s":[0]}],"ix":11},"r":{"a":0,"k":0,"ix":10},"p":{"a":0,"k":[810.5,1122,0],"ix":2,"l":2},"a":{"a":0,"k":[0,0,0],"ix":1,"l":2},"s":{"a":0,"k":[100,100,100],"ix":6,"l":2}},"ao":0,"shapes":[{"ty":"gr","it":[{"ind":0,"ty":"sh","ix":1,"ks":{"a":0,"k":{"i":[[0,0],[0.612,53.47],[15.112,-25.187],[-27.231,116.368],[6.716,-35.261],[5.037,124.254]],"o":[[0,0],[-0.55,-48.08],[-15.112,25.187],[27.881,-119.142],[-6.716,35.261],[-4.309,-106.281]],"v":[[158.881,-191.679],[222.709,-261.679],[169.59,-300.56],[275.619,-330.858],[245.246,-397.627],[318.657,-454.47]],"c":false},"ix":2},"nm":"í¨ì¤ 1","mn":"ADBE Vector Shape - Group","hd":false},{"ty":"st","c":{"a":0,"k":[0.2901960784313726,0.5647058823529412,0.8862745098039215,1],"ix":3},"o":{"a":0,"k":100,"ix":4},"w":{"a":0,"k":8,"ix":5},"lc":2,"lj":1,"ml":4,"bm":0,"nm":"ì  1","mn":"ADBE Vector Graphic - Stroke","hd":false},{"ty":"tr","p":{"a":0,"k":[0,0],"ix":2},"a":{"a":0,"k":[0,0],"ix":1},"s":{"a":0,"k":[100,100],"ix":3},"r":{"a":0,"k":0,"ix":6},"o":{"a":0,"k":100,"ix":7},"sk":{"a":0,"k":0,"ix":4},"sa":{"a":0,"k":0,"ix":5},"nm":"ë³í"}],"nm":"ëª¨ì 1","np":3,"cix":2,"bm":0,"ix":1,"mn":"ADBE Vector Group","hd":false},{"ty":"tm","s":{"a":1,"k":[{"i":{"x":[0.242],"y":[1]},"o":{"x":[0.333],"y":[0]},"t":34.745,"s":[0]},{"t":58.0000023623884,"s":[100]}],"ix":1},"e":{"a":1,"k":[{"i":{"x":[0.242],"y":[1]},"o":{"x":[0.333],"y":[0]},"t":28,"s":[0]},{"t":51.2562520877099,"s":[100]}],"ix":2},"o":{"a":0,"k":0,"ix":3},"m":1,"ix":2,"nm":"í¨ì¤ ë¤ë¬ì´ ìë¥´ê¸° 1","mn":"ADBE Vector Filter - Trim","hd":false}],"ip":28.0000011404634,"op":95.0000038694293,"st":28.0000011404634,"bm":0},{"ddd":0,"ind":19,"ty":4,"nm":"ëª¨ì ë ì´ì´ 20","sr":1,"ks":{"o":{"a":1,"k":[{"i":{"x":[0.833],"y":[0.833]},"o":{"x":[0.167],"y":[0.167]},"t":18,"s":[0]},{"i":{"x":[0.833],"y":[0.833]},"o":{"x":[0.167],"y":[0.167]},"t":30.75,"s":[20]},{"t":48.0000019550801,"s":[0]}],"ix":11},"r":{"a":0,"k":0,"ix":10},"p":{"a":0,"k":[562.5,450,0],"ix":2,"l":2},"a":{"a":0,"k":[0,0,0],"ix":1,"l":2},"s":{"a":0,"k":[100,100,100],"ix":6,"l":2}},"ao":0,"shapes":[{"ty":"gr","it":[{"ind":0,"ty":"sh","ix":1,"ks":{"a":0,"k":{"i":[[0,0],[0.612,53.47],[15.112,-25.187],[-27.231,116.368],[6.716,-35.261],[5.037,124.254]],"o":[[0,0],[-0.55,-48.08],[-15.112,25.187],[27.881,-119.142],[-6.716,35.261],[-4.309,-106.281]],"v":[[158.881,-191.679],[222.709,-261.679],[169.59,-300.56],[275.619,-330.858],[245.246,-397.627],[318.657,-454.47]],"c":false},"ix":2},"nm":"í¨ì¤ 1","mn":"ADBE Vector Shape - Group","hd":false},{"ty":"st","c":{"a":0,"k":[0.2901960784313726,0.5647058823529412,0.8862745098039215,1],"ix":3},"o":{"a":0,"k":100,"ix":4},"w":{"a":0,"k":8,"ix":5},"lc":2,"lj":1,"ml":4,"bm":0,"nm":"ì  1","mn":"ADBE Vector Graphic - Stroke","hd":false},{"ty":"tr","p":{"a":0,"k":[0,0],"ix":2},"a":{"a":0,"k":[0,0],"ix":1},"s":{"a":0,"k":[100,100],"ix":3},"r":{"a":0,"k":0,"ix":6},"o":{"a":0,"k":100,"ix":7},"sk":{"a":0,"k":0,"ix":4},"sa":{"a":0,"k":0,"ix":5},"nm":"ë³í"}],"nm":"ëª¨ì 1","np":3,"cix":2,"bm":0,"ix":1,"mn":"ADBE Vector Group","hd":false},{"ty":"tm","s":{"a":1,"k":[{"i":{"x":[0.242],"y":[1]},"o":{"x":[0.333],"y":[0]},"t":24.745,"s":[0]},{"t":48.0000019550801,"s":[100]}],"ix":1},"e":{"a":1,"k":[{"i":{"x":[0.242],"y":[1]},"o":{"x":[0.333],"y":[0]},"t":18,"s":[0]},{"t":41.2562516804015,"s":[100]}],"ix":2},"o":{"a":0,"k":0,"ix":3},"m":1,"ix":2,"nm":"í¨ì¤ ë¤ë¬ì´ ìë¥´ê¸° 1","mn":"ADBE Vector Filter - Trim","hd":false}],"ip":18.000000733155,"op":95.0000038694293,"st":18.000000733155,"bm":0},{"ddd":0,"ind":20,"ty":4,"nm":"ëª¨ì ë ì´ì´ 19","sr":1,"ks":{"o":{"a":1,"k":[{"i":{"x":[0.833],"y":[0.833]},"o":{"x":[0.167],"y":[0.167]},"t":38,"s":[0]},{"i":{"x":[0.833],"y":[0.833]},"o":{"x":[0.167],"y":[0.167]},"t":56,"s":[30]},{"t":78.0000031770051,"s":[0]}],"ix":11},"r":{"a":0,"k":180,"ix":10},"p":{"a":0,"k":[40.461,798.5,0],"ix":2,"l":2},"a":{"a":0,"k":[487.961,-111.5,0],"ix":1,"l":2},"s":{"a":0,"k":[56,56,100],"ix":6,"l":2}},"ao":0,"shapes":[{"ty":"gr","it":[{"ind":0,"ty":"sh","ix":1,"ks":{"a":0,"k":{"i":[[0,0],[-38,-7],[0,2],[-27,-4],[-1,12],[-31,0],[0,0]],"o":[[0,0],[30.74,5.663],[0,-2],[27,4],[1,-12],[31,0],[0,0]],"v":[[387.5,-17],[418.5,-43],[452.5,-66],[482.5,-101],[520.5,-128],[549.5,-167],[585.5,-202]],"c":false},"ix":2},"nm":"í¨ì¤ 1","mn":"ADBE Vector Shape - Group","hd":false},{"ty":"st","c":{"a":0,"k":[0.2901960784313726,0.5647058823529412,0.8862745098039215,1],"ix":3},"o":{"a":0,"k":100,"ix":4},"w":{"a":0,"k":12,"ix":5},"lc":1,"lj":1,"ml":4,"bm":0,"nm":"ì  1","mn":"ADBE Vector Graphic - Stroke","hd":false},{"ty":"tr","p":{"a":0,"k":[0,0],"ix":2},"a":{"a":0,"k":[0,0],"ix":1},"s":{"a":0,"k":[100,100],"ix":3},"r":{"a":0,"k":0,"ix":6},"o":{"a":0,"k":100,"ix":7},"sk":{"a":0,"k":0,"ix":4},"sa":{"a":0,"k":0,"ix":5},"nm":"ë³í"}],"nm":"ëª¨ì 1","np":3,"cix":2,"bm":0,"ix":1,"mn":"ADBE Vector Group","hd":false},{"ty":"tm","s":{"a":1,"k":[{"i":{"x":[0.242],"y":[1]},"o":{"x":[0.333],"y":[0]},"t":46.993,"s":[0]},{"t":78.0000031770051,"s":[100]}],"ix":1},"e":{"a":1,"k":[{"i":{"x":[0.242],"y":[1]},"o":{"x":[0.333],"y":[0]},"t":38,"s":[0]},{"t":69.0075028107331,"s":[100]}],"ix":2},"o":{"a":0,"k":0,"ix":3},"m":1,"ix":2,"nm":"í¨ì¤ ë¤ë¬ì´ ìë¥´ê¸° 1","mn":"ADBE Vector Filter - Trim","hd":false}],"ip":38.0000015477717,"op":95.0000038694293,"st":38.0000015477717,"bm":0},{"ddd":0,"ind":21,"ty":4,"nm":"ëª¨ì ë ì´ì´ 18","sr":1,"ks":{"o":{"a":1,"k":[{"i":{"x":[0.833],"y":[0.833]},"o":{"x":[0.167],"y":[0.167]},"t":35,"s":[0]},{"i":{"x":[0.833],"y":[0.833]},"o":{"x":[0.167],"y":[0.167]},"t":60.5,"s":[20]},{"t":95.0000038694293,"s":[0]}],"ix":11},"r":{"a":0,"k":0,"ix":10},"p":{"a":0,"k":[1050.461,338.5,0],"ix":2,"l":2},"a":{"a":0,"k":[487.961,-111.5,0],"ix":1,"l":2},"s":{"a":0,"k":[100,100,100],"ix":6,"l":2}},"ao":0,"shapes":[{"ty":"gr","it":[{"ind":0,"ty":"sh","ix":1,"ks":{"a":0,"k":{"i":[[0,0],[-38,-7],[0,2],[-27,-4],[-1,12],[-31,0],[0,0]],"o":[[0,0],[30.74,5.663],[0,-2],[27,4],[1,-12],[31,0],[0,0]],"v":[[387.5,-17],[418.5,-43],[452.5,-66],[482.5,-101],[520.5,-128],[549.5,-167],[585.5,-202]],"c":false},"ix":2},"nm":"í¨ì¤ 1","mn":"ADBE Vector Shape - Group","hd":false},{"ty":"st","c":{"a":0,"k":[0.2901960784313726,0.5647058823529412,0.8862745098039215,1],"ix":3},"o":{"a":0,"k":100,"ix":4},"w":{"a":0,"k":7,"ix":5},"lc":1,"lj":1,"ml":4,"bm":0,"nm":"ì  1","mn":"ADBE Vector Graphic - Stroke","hd":false},{"ty":"tr","p":{"a":0,"k":[0,0],"ix":2},"a":{"a":0,"k":[0,0],"ix":1},"s":{"a":0,"k":[100,100],"ix":3},"r":{"a":0,"k":0,"ix":6},"o":{"a":0,"k":100,"ix":7},"sk":{"a":0,"k":0,"ix":4},"sa":{"a":0,"k":0,"ix":5},"nm":"ë³í"}],"nm":"ëª¨ì 1","np":3,"cix":2,"bm":0,"ix":1,"mn":"ADBE Vector Group","hd":false},{"ty":"tm","s":{"a":1,"k":[{"i":{"x":[0.242],"y":[1]},"o":{"x":[0.333],"y":[0]},"t":48.489,"s":[0]},{"t":95.0000038694293,"s":[100]}],"ix":1},"e":{"a":1,"k":[{"i":{"x":[0.242],"y":[1]},"o":{"x":[0.333],"y":[0]},"t":35,"s":[0]},{"t":81.5112533200213,"s":[100]}],"ix":2},"o":{"a":0,"k":0,"ix":3},"m":1,"ix":2,"nm":"í¨ì¤ ë¤ë¬ì´ ìë¥´ê¸° 1","mn":"ADBE Vector Filter - Trim","hd":false}],"ip":35.0000014255792,"op":95.0000038694293,"st":35.0000014255792,"bm":0},{"ddd":0,"ind":22,"ty":4,"nm":"ëª¨ì ë ì´ì´ 21","sr":1,"ks":{"o":{"a":1,"k":[{"i":{"x":[0.833],"y":[0.833]},"o":{"x":[0.167],"y":[0.167]},"t":22,"s":[0]},{"i":{"x":[0.833],"y":[0.833]},"o":{"x":[0.167],"y":[0.167]},"t":40,"s":[30]},{"t":62.0000025253118,"s":[0]}],"ix":11},"r":{"a":0,"k":17,"ix":10},"p":{"a":0,"k":[490.2,47.176,0],"ix":2,"l":2},"a":{"a":0,"k":[-283.484,-120.388,0],"ix":1,"l":2},"s":{"a":0,"k":[70,70,100],"ix":6,"l":2}},"ao":0,"shapes":[{"ty":"gr","it":[{"ind":0,"ty":"sh","ix":1,"ks":{"a":0,"k":{"i":[[0,0],[-43,-6],[2,-1],[-31,-2],[5,-9],[-22,2],[5,-14],[-27.952,1.644],[3,-13],[-27,-5]],"o":[[0,0],[29.86,4.167],[-2,1],[31,2],[-5,9],[22,-2],[-5,14],[17,-1],[-3,13],[19.886,3.683]],"v":[[-389.5,-284],[-374.5,-241],[-355.5,-211],[-338.5,-183],[-312.5,-149],[-289.5,-118],[-258.5,-84],[-231.5,-48],[-208.5,-12],[-183.5,22]],"c":false},"ix":2,"x":"var $bm_rt;\n$bm_rt = content('ëª¨ì 1').content('í¨ì¤ 1').path;"},"nm":"í¨ì¤ 1","mn":"ADBE Vector Shape - Group","hd":false},{"ty":"st","c":{"a":0,"k":[0.2901960784313726,0.5647058823529412,0.8862745098039215,1],"ix":3},"o":{"a":0,"k":100,"ix":4},"w":{"a":0,"k":7,"ix":5},"lc":2,"lj":1,"ml":4,"bm":0,"nm":"ì  1","mn":"ADBE Vector Graphic - Stroke","hd":false},{"ty":"tr","p":{"a":0,"k":[0,0],"ix":2},"a":{"a":0,"k":[0,0],"ix":1},"s":{"a":0,"k":[100,100],"ix":3},"r":{"a":0,"k":0,"ix":6},"o":{"a":0,"k":100,"ix":7},"sk":{"a":0,"k":0,"ix":4},"sa":{"a":0,"k":0,"ix":5},"nm":"ë³í"}],"nm":"ëª¨ì 1","np":3,"cix":2,"bm":0,"ix":1,"mn":"ADBE Vector Group","hd":false},{"ty":"tm","s":{"a":1,"k":[{"i":{"x":[0.242],"y":[1]},"o":{"x":[0.333],"y":[0]},"t":29,"s":[100]},{"t":69.0000028104276,"s":[0]}],"ix":1},"e":{"a":1,"k":[{"i":{"x":[0.242],"y":[1]},"o":{"x":[0.333],"y":[0]},"t":22,"s":[100]},{"t":62.0000025253118,"s":[0]}],"ix":2},"o":{"a":0,"k":0,"ix":3},"m":1,"ix":2,"nm":"í¨ì¤ ë¤ë¬ì´ ìë¥´ê¸° 1","mn":"ADBE Vector Filter - Trim","hd":false}],"ip":22.0000008960784,"op":95.0000038694293,"st":22.0000008960784,"bm":0},{"ddd":0,"ind":23,"ty":4,"nm":"ëª¨ì ë ì´ì´ 17","sr":1,"ks":{"o":{"a":1,"k":[{"i":{"x":[0.833],"y":[0.833]},"o":{"x":[0.167],"y":[0.167]},"t":29,"s":[0]},{"i":{"x":[0.833],"y":[0.833]},"o":{"x":[0.167],"y":[0.167]},"t":50.83,"s":[80]},{"t":86.0000035028518,"s":[0]}],"ix":11},"r":{"a":0,"k":1,"ix":10},"p":{"a":0,"k":[200.2,285.176,0],"ix":2,"l":2},"a":{"a":0,"k":[-283.484,-120.388,0],"ix":1,"l":2},"s":{"a":0,"k":[70,70,100],"ix":6,"l":2}},"ao":0,"shapes":[{"ty":"gr","it":[{"ind":0,"ty":"sh","ix":1,"ks":{"a":0,"k":{"i":[[0,0],[-43,-6],[2,-1],[-31,-2],[5,-9],[-22,2],[5,-14],[-27.952,1.644],[3,-13],[-27,-5]],"o":[[0,0],[29.86,4.167],[-2,1],[31,2],[-5,9],[22,-2],[-5,14],[17,-1],[-3,13],[19.886,3.683]],"v":[[-389.5,-284],[-374.5,-241],[-355.5,-211],[-338.5,-183],[-312.5,-149],[-289.5,-118],[-258.5,-84],[-231.5,-48],[-208.5,-12],[-183.5,22]],"c":false},"ix":2,"x":"var $bm_rt;\n$bm_rt = content('ëª¨ì 1').content('í¨ì¤ 1').path;"},"nm":"í¨ì¤ 1","mn":"ADBE Vector Shape - Group","hd":false},{"ty":"st","c":{"a":0,"k":[0.2901960784313726,0.5647058823529412,0.8862745098039215,1],"ix":3},"o":{"a":0,"k":100,"ix":4},"w":{"a":0,"k":7,"ix":5},"lc":2,"lj":1,"ml":4,"bm":0,"nm":"ì  1","mn":"ADBE Vector Graphic - Stroke","hd":false},{"ty":"tr","p":{"a":0,"k":[0,0],"ix":2},"a":{"a":0,"k":[0,0],"ix":1},"s":{"a":0,"k":[100,100],"ix":3},"r":{"a":0,"k":0,"ix":6},"o":{"a":0,"k":100,"ix":7},"sk":{"a":0,"k":0,"ix":4},"sa":{"a":0,"k":0,"ix":5},"nm":"ë³í"}],"nm":"ëª¨ì 1","np":3,"cix":2,"bm":0,"ix":1,"mn":"ADBE Vector Group","hd":false},{"ty":"tm","s":{"a":1,"k":[{"i":{"x":[0.242],"y":[1]},"o":{"x":[0.333],"y":[0]},"t":37.489,"s":[100]},{"t":86.0000035028518,"s":[0]}],"ix":1},"e":{"a":1,"k":[{"i":{"x":[0.242],"y":[1]},"o":{"x":[0.333],"y":[0]},"t":29,"s":[100]},{"t":77.5112531570979,"s":[0]}],"ix":2},"o":{"a":0,"k":0,"ix":3},"m":1,"ix":2,"nm":"í¨ì¤ ë¤ë¬ì´ ìë¥´ê¸° 1","mn":"ADBE Vector Filter - Trim","hd":false}],"ip":29.0000011811942,"op":95.0000038694293,"st":29.0000011811942,"bm":0},{"ddd":0,"ind":24,"ty":4,"nm":"ëª¨ì ë ì´ì´ 16","sr":1,"ks":{"o":{"a":1,"k":[{"i":{"x":[0.833],"y":[0.833]},"o":{"x":[0.167],"y":[0.167]},"t":18,"s":[0]},{"i":{"x":[0.833],"y":[0.833]},"o":{"x":[0.167],"y":[0.167]},"t":36,"s":[50]},{"t":58.0000023623884,"s":[0]}],"ix":11},"r":{"a":0,"k":120,"ix":10},"p":{"a":0,"k":[233.355,149.072,0],"ix":2,"l":2},"a":{"a":0,"k":[361,-692.157,0],"ix":1,"l":2},"s":{"a":0,"k":[100,100,100],"ix":6,"l":2}},"ao":0,"shapes":[{"ty":"gr","it":[{"ind":0,"ty":"sh","ix":1,"ks":{"a":0,"k":{"i":[[0,0],[18.822,74.859],[-14.91,-24.189],[-27,67],[24.327,-29.339],[-26.975,66.995],[30.435,-30.108],[-38.93,102.335],[11.635,3.691],[-15.298,-17.204],[9.895,105.138]],"o":[[0,0],[-15.809,-62.874],[9.978,16.187],[27,-67],[-38.981,47.013],[20.296,-50.409],[-30.968,30.635],[29.32,-77.073],[-29.687,-9.419],[18.39,20.681],[-10.733,-114.039]],"v":[[253.369,-558.17],[313.849,-635.768],[268.859,-639.072],[362.5,-659],[330.526,-759.151],[421.507,-746.758],[380.347,-850.605],[460.551,-835.557],[443.221,-943.432],[429.91,-896.487],[511.477,-963.21]],"c":false},"ix":2},"nm":"í¨ì¤ 1","mn":"ADBE Vector Shape - Group","hd":false},{"ty":"st","c":{"a":0,"k":[0.2901960784313726,0.5647058823529412,0.8862745098039215,1],"ix":3},"o":{"a":0,"k":100,"ix":4},"w":{"a":0,"k":8,"ix":5},"lc":2,"lj":1,"ml":4,"bm":0,"nm":"ì  1","mn":"ADBE Vector Graphic - Stroke","hd":false},{"ty":"tr","p":{"a":0,"k":[0,0],"ix":2},"a":{"a":0,"k":[0,0],"ix":1},"s":{"a":0,"k":[100,100],"ix":3},"r":{"a":0,"k":0,"ix":6},"o":{"a":0,"k":100,"ix":7},"sk":{"a":0,"k":0,"ix":4},"sa":{"a":0,"k":0,"ix":5},"nm":"ë³í"}],"nm":"ëª¨ì 1","np":3,"cix":2,"bm":0,"ix":1,"mn":"ADBE Vector Group","hd":false},{"ty":"tm","s":{"a":1,"k":[{"i":{"x":[0.242],"y":[1]},"o":{"x":[0.333],"y":[0]},"t":25,"s":[100]},{"t":72.0000029326201,"s":[0]}],"ix":1},"e":{"a":1,"k":[{"i":{"x":[0.242],"y":[1]},"o":{"x":[0.333],"y":[0]},"t":18,"s":[100]},{"t":65.0000026475043,"s":[0]}],"ix":2},"o":{"a":0,"k":0,"ix":3},"m":1,"ix":2,"nm":"í¨ì¤ ë¤ë¬ì´ ìë¥´ê¸° 1","mn":"ADBE Vector Filter - Trim","hd":false}],"ip":18.000000733155,"op":95.0000038694293,"st":18.000000733155,"bm":0},{"ddd":0,"ind":25,"ty":4,"nm":"ëª¨ì ë ì´ì´ 15","sr":1,"ks":{"o":{"a":1,"k":[{"i":{"x":[0.833],"y":[0.833]},"o":{"x":[0.167],"y":[0.167]},"t":32,"s":[0]},{"i":{"x":[0.833],"y":[0.833]},"o":{"x":[0.167],"y":[0.167]},"t":49.6,"s":[100]},{"t":72.0000029326201,"s":[0]}],"ix":11},"r":{"a":0,"k":0,"ix":10},"p":{"a":0,"k":[873.5,345.843,0],"ix":2,"l":2},"a":{"a":0,"k":[361,-692.157,0],"ix":1,"l":2},"s":{"a":0,"k":[100,100,100],"ix":6,"l":2}},"ao":0,"shapes":[{"ty":"gr","it":[{"ind":0,"ty":"sh","ix":1,"ks":{"a":0,"k":{"i":[[0,0],[17.051,53.313],[-1.5,-16],[-27,67],[6,-21],[-12,53],[18.233,-17.191],[-18,108]],"o":[[0,0],[-19.75,-61.75],[1.775,18.932],[27,-67],[-6,21],[12,-53],[-17.5,16.5],[9,-54]],"v":[[298.5,-590],[334.5,-650],[299.5,-666],[362.5,-659],[333.5,-732],[392.5,-715],[375.5,-797],[424.5,-798]],"c":false},"ix":2},"nm":"í¨ì¤ 1","mn":"ADBE Vector Shape - Group","hd":false},{"ty":"st","c":{"a":0,"k":[0.976470588235,0.207843137255,0.298039215686,1],"ix":3},"o":{"a":0,"k":100,"ix":4},"w":{"a":0,"k":8,"ix":5},"lc":1,"lj":1,"ml":4,"bm":0,"nm":"ì  1","mn":"ADBE Vector Graphic - Stroke","hd":false},{"ty":"tr","p":{"a":0,"k":[0,0],"ix":2},"a":{"a":0,"k":[0,0],"ix":1},"s":{"a":0,"k":[100,100],"ix":3},"r":{"a":0,"k":0,"ix":6},"o":{"a":0,"k":100,"ix":7},"sk":{"a":0,"k":0,"ix":4},"sa":{"a":0,"k":0,"ix":5},"nm":"ë³í"}],"nm":"ëª¨ì 1","np":3,"cix":2,"bm":0,"ix":1,"mn":"ADBE Vector Group","hd":false},{"ty":"tm","s":{"a":1,"k":[{"i":{"x":[0.242],"y":[1]},"o":{"x":[0.333],"y":[0]},"t":40.993,"s":[0]},{"t":72.0000029326201,"s":[100]}],"ix":1},"e":{"a":1,"k":[{"i":{"x":[0.242],"y":[1]},"o":{"x":[0.333],"y":[0]},"t":32,"s":[0]},{"t":63.0075025663481,"s":[100]}],"ix":2},"o":{"a":0,"k":0,"ix":3},"m":1,"ix":2,"nm":"í¨ì¤ ë¤ë¬ì´ ìë¥´ê¸° 1","mn":"ADBE Vector Filter - Trim","hd":false}],"ip":32.0000013033867,"op":95.0000038694293,"st":32.0000013033867,"bm":0},{"ddd":0,"ind":26,"ty":4,"nm":"ëª¨ì ë ì´ì´ 8","sr":1,"ks":{"o":{"a":1,"k":[{"i":{"x":[0.667],"y":[1]},"o":{"x":[0.333],"y":[0]},"t":4,"s":[50]},{"i":{"x":[0.667],"y":[1]},"o":{"x":[0.333],"y":[0]},"t":32.834,"s":[30]},{"t":60.0000024438501,"s":[30]}],"ix":11},"r":{"a":1,"k":[{"i":{"x":[0.833],"y":[0.833]},"o":{"x":[0.167],"y":[0.167]},"t":4,"s":[0]},{"i":{"x":[0.833],"y":[0.833]},"o":{"x":[0.167],"y":[0.167]},"t":31.834,"s":[720]},{"t":62.0000025253118,"s":[990]}],"ix":10},"p":{"a":1,"k":[{"i":{"x":0.178,"y":0.855},"o":{"x":0.333,"y":0},"t":4,"s":[453.094,841.094,0],"to":[-65.667,-280.833,0],"ti":[63.15,-0.251,0]},{"i":{"x":0.667,"y":1},"o":{"x":0.644,"y":0.151},"t":33,"s":[55.094,396.094,0],"to":[-67.004,0.267,0],"ti":[-0.333,-108.667,0]},{"t":60.0000024438501,"s":[7.094,850.094,0]}],"ix":2,"l":2},"a":{"a":0,"k":[-513.406,251.094,0],"ix":1,"l":2},"s":{"a":1,"k":[{"i":{"x":[0.667,0.667,0.667],"y":[1,1,1]},"o":{"x":[0.333,0.333,0.333],"y":[0,0,0]},"t":4,"s":[50,50,100]},{"i":{"x":[0.667,0.667,0.667],"y":[1,1,1]},"o":{"x":[0.333,0.333,0.333],"y":[0,0,0]},"t":32.834,"s":[140,140,100]},{"t":60.0000024438501,"s":[50,50,100]}],"ix":6,"l":2}},"ao":0,"shapes":[{"ty":"gr","it":[{"ty":"rc","d":1,"s":{"a":0,"k":[18.188,18.188],"ix":2},"p":{"a":0,"k":[0,0],"ix":3},"r":{"a":0,"k":0,"ix":4},"nm":"ì¬ê°í í¨ì¤ 1","mn":"ADBE Vector Shape - Rect","hd":false},{"ty":"fl","c":{"a":0,"k":[0.2901960784313726,0.5647058823529412,0.8862745098039215,1],"ix":4},"o":{"a":0,"k":100,"ix":5},"r":1,"bm":0,"nm":"ì¹  1","mn":"ADBE Vector Graphic - Fill","hd":false},{"ty":"tr","p":{"a":0,"k":[-513.406,251.094],"ix":2},"a":{"a":0,"k":[0,0],"ix":1},"s":{"a":0,"k":[100,100],"ix":3},"r":{"a":0,"k":0,"ix":6},"o":{"a":0,"k":100,"ix":7},"sk":{"a":0,"k":0,"ix":4},"sa":{"a":0,"k":0,"ix":5},"nm":"ë³í"}],"nm":"ì¬ê°í 1","np":3,"cix":2,"bm":0,"ix":1,"mn":"ADBE Vector Group","hd":false}],"ip":4.00000016292334,"op":63.0000025660426,"st":4.00000016292334,"bm":0},{"ddd":0,"ind":27,"ty":4,"nm":"ëª¨ì ë ì´ì´ 12","sr":1,"ks":{"o":{"a":1,"k":[{"i":{"x":[0.667],"y":[1]},"o":{"x":[0.333],"y":[0]},"t":0,"s":[50]},{"i":{"x":[0.667],"y":[1]},"o":{"x":[0.333],"y":[0]},"t":28.834,"s":[30]},{"t":56.0000022809268,"s":[30]}],"ix":11},"r":{"a":1,"k":[{"i":{"x":[0.833],"y":[0.833]},"o":{"x":[0.167],"y":[0.167]},"t":0,"s":[0]},{"i":{"x":[0.833],"y":[0.833]},"o":{"x":[0.167],"y":[0.167]},"t":27.834,"s":[720]},{"t":58.0000023623884,"s":[990]}],"ix":10},"p":{"a":1,"k":[{"i":{"x":0.178,"y":0.864},"o":{"x":0.333,"y":0},"t":0,"s":[237.094,859.094,0],"to":[4.333,-260.833,0],"ti":[83.142,0.495,0]},{"i":{"x":0.667,"y":1},"o":{"x":0.644,"y":0.109},"t":29,"s":[107.094,228.094,0],"to":[-78.995,-0.471,0],"ti":[-0.333,-344.667,0]},{"t":56.0000022809268,"s":[23.094,850.094,0]}],"ix":2,"l":2},"a":{"a":0,"k":[-513.406,251.094,0],"ix":1,"l":2},"s":{"a":1,"k":[{"i":{"x":[0.667,0.667,0.667],"y":[1,1,1]},"o":{"x":[0.333,0.333,0.333],"y":[0,0,0]},"t":0,"s":[50,50,100]},{"i":{"x":[0.667,0.667,0.667],"y":[1,1,1]},"o":{"x":[0.333,0.333,0.333],"y":[0,0,0]},"t":28.834,"s":[90,90,100]},{"t":56.0000022809268,"s":[50,50,100]}],"ix":6,"l":2}},"ao":0,"shapes":[{"ty":"gr","it":[{"ty":"rc","d":1,"s":{"a":0,"k":[18.188,18.188],"ix":2},"p":{"a":0,"k":[0,0],"ix":3},"r":{"a":0,"k":96,"ix":4},"nm":"ì¬ê°í í¨ì¤ 1","mn":"ADBE Vector Shape - Rect","hd":false},{"ty":"st","c":{"a":0,"k":[0.2901960784313726,0.5647058823529412,0.8862745098039215,1],"ix":3},"o":{"a":0,"k":100,"ix":4},"w":{"a":0,"k":2,"ix":5},"lc":1,"lj":1,"ml":4,"bm":0,"nm":"ì  1","mn":"ADBE Vector Graphic - Stroke","hd":false},{"ty":"tr","p":{"a":0,"k":[-513.406,251.094],"ix":2},"a":{"a":0,"k":[0,0],"ix":1},"s":{"a":0,"k":[100,100],"ix":3},"r":{"a":0,"k":0,"ix":6},"o":{"a":0,"k":100,"ix":7},"sk":{"a":0,"k":0,"ix":4},"sa":{"a":0,"k":0,"ix":5},"nm":"ë³í"}],"nm":"ì¬ê°í 1","np":3,"cix":2,"bm":0,"ix":1,"mn":"ADBE Vector Group","hd":false}],"ip":0,"op":59.0000024031193,"st":0,"bm":0},{"ddd":0,"ind":28,"ty":4,"nm":"ëª¨ì ë ì´ì´ 11","sr":1,"ks":{"o":{"a":1,"k":[{"i":{"x":[0.667],"y":[1]},"o":{"x":[0.333],"y":[0]},"t":0,"s":[50]},{"i":{"x":[0.667],"y":[1]},"o":{"x":[0.333],"y":[0]},"t":28.834,"s":[30]},{"t":56.0000022809268,"s":[30]}],"ix":11},"r":{"a":1,"k":[{"i":{"x":[0.833],"y":[0.833]},"o":{"x":[0.167],"y":[0.167]},"t":0,"s":[0]},{"i":{"x":[0.833],"y":[0.833]},"o":{"x":[0.167],"y":[0.167]},"t":27.834,"s":[720]},{"t":58.0000023623884,"s":[990]}],"ix":10},"p":{"a":1,"k":[{"i":{"x":0.178,"y":0.851},"o":{"x":0.333,"y":0},"t":0,"s":[861.094,815.094,0],"to":[4.333,-260.833,0],"ti":[-83.086,-3.086,0]},{"i":{"x":0.667,"y":1},"o":{"x":0.644,"y":0.116},"t":29,"s":[963.094,238.094,0],"to":[95.005,3.529,0],"ti":[-6.333,-332.667,0]},{"t":56.0000022809268,"s":[1081.094,810.094,0]}],"ix":2,"l":2},"a":{"a":0,"k":[-513.406,251.094,0],"ix":1,"l":2},"s":{"a":1,"k":[{"i":{"x":[0.667,0.667,0.667],"y":[1,1,1]},"o":{"x":[0.333,0.333,0.333],"y":[0,0,0]},"t":0,"s":[50,50,100]},{"i":{"x":[0.667,0.667,0.667],"y":[1,1,1]},"o":{"x":[0.333,0.333,0.333],"y":[0,0,0]},"t":28.834,"s":[90,90,100]},{"t":56.0000022809268,"s":[50,50,100]}],"ix":6,"l":2}},"ao":0,"shapes":[{"ty":"gr","it":[{"ty":"rc","d":1,"s":{"a":0,"k":[18.188,18.188],"ix":2},"p":{"a":0,"k":[0,0],"ix":3},"r":{"a":0,"k":96,"ix":4},"nm":"ì¬ê°í í¨ì¤ 1","mn":"ADBE Vector Shape - Rect","hd":false},{"ty":"st","c":{"a":0,"k":[0.2901960784313726,0.5647058823529412,0.8862745098039215,1],"ix":3},"o":{"a":0,"k":100,"ix":4},"w":{"a":0,"k":2,"ix":5},"lc":1,"lj":1,"ml":4,"bm":0,"nm":"ì  1","mn":"ADBE Vector Graphic - Stroke","hd":false},{"ty":"tr","p":{"a":0,"k":[-513.406,251.094],"ix":2},"a":{"a":0,"k":[0,0],"ix":1},"s":{"a":0,"k":[100,100],"ix":3},"r":{"a":0,"k":0,"ix":6},"o":{"a":0,"k":100,"ix":7},"sk":{"a":0,"k":0,"ix":4},"sa":{"a":0,"k":0,"ix":5},"nm":"ë³í"}],"nm":"ì¬ê°í 1","np":3,"cix":2,"bm":0,"ix":1,"mn":"ADBE Vector Group","hd":false}],"ip":0,"op":59.0000024031193,"st":0,"bm":0},{"ddd":0,"ind":29,"ty":4,"nm":"ëª¨ì ë ì´ì´ 14","sr":1,"ks":{"o":{"a":1,"k":[{"i":{"x":[0.667],"y":[1]},"o":{"x":[0.333],"y":[0]},"t":0,"s":[50]},{"i":{"x":[0.667],"y":[1]},"o":{"x":[0.333],"y":[0]},"t":28.834,"s":[30]},{"t":56.0000022809268,"s":[30]}],"ix":11},"r":{"a":1,"k":[{"i":{"x":[0.833],"y":[0.833]},"o":{"x":[0.167],"y":[0.167]},"t":0,"s":[0]},{"i":{"x":[0.833],"y":[0.833]},"o":{"x":[0.167],"y":[0.167]},"t":27.834,"s":[720]},{"t":58.0000023623884,"s":[990]}],"ix":10},"p":{"a":1,"k":[{"i":{"x":0.178,"y":0.731},"o":{"x":0.333,"y":0},"t":0,"s":[145.094,833.094,0],"to":[-19.667,-206.833,0],"ti":[25.3,-1.977,0]},{"i":{"x":0.667,"y":1},"o":{"x":0.644,"y":0.213},"t":29,"s":[33.094,526.094,0],"to":[-87.4,6.83,0],"ti":[9.667,-26.667,0]},{"t":56.0000022809268,"s":[-36.906,834.094,0]}],"ix":2,"l":2},"a":{"a":0,"k":[-513.406,251.094,0],"ix":1,"l":2},"s":{"a":1,"k":[{"i":{"x":[0.667,0.667,0.667],"y":[1,1,1]},"o":{"x":[0.333,0.333,0.333],"y":[0,0,0]},"t":0,"s":[50,50,100]},{"i":{"x":[0.667,0.667,0.667],"y":[1,1,1]},"o":{"x":[0.333,0.333,0.333],"y":[0,0,0]},"t":28.834,"s":[90,90,100]},{"t":56.0000022809268,"s":[50,50,100]}],"ix":6,"l":2}},"ao":0,"shapes":[{"ty":"gr","it":[{"ty":"rc","d":1,"s":{"a":0,"k":[18.188,18.188],"ix":2},"p":{"a":0,"k":[0,0],"ix":3},"r":{"a":0,"k":96,"ix":4},"nm":"ì¬ê°í í¨ì¤ 1","mn":"ADBE Vector Shape - Rect","hd":false},{"ty":"st","c":{"a":0,"k":[0.2901960784313726,0.5647058823529412,0.8862745098039215,1],"ix":3},"o":{"a":0,"k":100,"ix":4},"w":{"a":0,"k":2,"ix":5},"lc":1,"lj":1,"ml":4,"bm":0,"nm":"ì  1","mn":"ADBE Vector Graphic - Stroke","hd":false},{"ty":"tr","p":{"a":0,"k":[-513.406,251.094],"ix":2},"a":{"a":0,"k":[0,0],"ix":1},"s":{"a":0,"k":[100,100],"ix":3},"r":{"a":0,"k":0,"ix":6},"o":{"a":0,"k":100,"ix":7},"sk":{"a":0,"k":0,"ix":4},"sa":{"a":0,"k":0,"ix":5},"nm":"ë³í"}],"nm":"ì¬ê°í 1","np":3,"cix":2,"bm":0,"ix":1,"mn":"ADBE Vector Group","hd":false}],"ip":0,"op":59.0000024031193,"st":0,"bm":0},{"ddd":0,"ind":30,"ty":4,"nm":"ëª¨ì ë ì´ì´ 10","sr":1,"ks":{"o":{"a":1,"k":[{"i":{"x":[0.667],"y":[1]},"o":{"x":[0.333],"y":[0]},"t":0,"s":[50]},{"i":{"x":[0.667],"y":[1]},"o":{"x":[0.333],"y":[0]},"t":28.834,"s":[30]},{"t":56.0000022809268,"s":[30]}],"ix":11},"r":{"a":1,"k":[{"i":{"x":[0.833],"y":[0.833]},"o":{"x":[0.167],"y":[0.167]},"t":0,"s":[0]},{"i":{"x":[0.833],"y":[0.833]},"o":{"x":[0.167],"y":[0.167]},"t":27.834,"s":[720]},{"t":58.0000023623884,"s":[990]}],"ix":10},"p":{"a":1,"k":[{"i":{"x":0.178,"y":0.805},"o":{"x":0.333,"y":0},"t":0,"s":[889.094,833.094,0],"to":[14.333,-278.833,0],"ti":[-74.667,-8.502,0]},{"i":{"x":0.667,"y":1},"o":{"x":0.644,"y":0.177},"t":29,"s":[1091.094,456.094,0],"to":[86.99,9.905,0],"ti":[9.667,-26.667,0]},{"t":56.0000022809268,"s":[1169.094,830.094,0]}],"ix":2,"l":2},"a":{"a":0,"k":[-513.406,251.094,0],"ix":1,"l":2},"s":{"a":1,"k":[{"i":{"x":[0.667,0.667,0.667],"y":[1,1,1]},"o":{"x":[0.333,0.333,0.333],"y":[0,0,0]},"t":0,"s":[50,50,100]},{"i":{"x":[0.667,0.667,0.667],"y":[1,1,1]},"o":{"x":[0.333,0.333,0.333],"y":[0,0,0]},"t":28.834,"s":[90,90,100]},{"t":56.0000022809268,"s":[50,50,100]}],"ix":6,"l":2}},"ao":0,"shapes":[{"ty":"gr","it":[{"ty":"rc","d":1,"s":{"a":0,"k":[18.188,18.188],"ix":2},"p":{"a":0,"k":[0,0],"ix":3},"r":{"a":0,"k":96,"ix":4},"nm":"ì¬ê°í í¨ì¤ 1","mn":"ADBE Vector Shape - Rect","hd":false},{"ty":"st","c":{"a":0,"k":[0.9725490196078431,0.9058823529411765,0.10980392156862745,1],"ix":3},"o":{"a":0,"k":100,"ix":4},"w":{"a":0,"k":2,"ix":5},"lc":1,"lj":1,"ml":4,"bm":0,"nm":"ì  1","mn":"ADBE Vector Graphic - Stroke","hd":false},{"ty":"tr","p":{"a":0,"k":[-513.406,251.094],"ix":2},"a":{"a":0,"k":[0,0],"ix":1},"s":{"a":0,"k":[100,100],"ix":3},"r":{"a":0,"k":0,"ix":6},"o":{"a":0,"k":100,"ix":7},"sk":{"a":0,"k":0,"ix":4},"sa":{"a":0,"k":0,"ix":5},"nm":"ë³í"}],"nm":"ì¬ê°í 1","np":3,"cix":2,"bm":0,"ix":1,"mn":"ADBE Vector Group","hd":false}],"ip":0,"op":59.0000024031193,"st":0,"bm":0},{"ddd":0,"ind":31,"ty":4,"nm":"ëª¨ì ë ì´ì´ 9","sr":1,"ks":{"o":{"a":1,"k":[{"i":{"x":[0.667],"y":[1]},"o":{"x":[0.333],"y":[0]},"t":0,"s":[50]},{"i":{"x":[0.667],"y":[1]},"o":{"x":[0.333],"y":[0]},"t":28.834,"s":[40]},{"t":56.0000022809268,"s":[30]}],"ix":11},"r":{"a":1,"k":[{"i":{"x":[0.833],"y":[0.833]},"o":{"x":[0.167],"y":[0.167]},"t":0,"s":[0]},{"i":{"x":[0.833],"y":[0.833]},"o":{"x":[0.167],"y":[0.167]},"t":27.834,"s":[720]},{"t":58.0000023623884,"s":[990]}],"ix":10},"p":{"a":1,"k":[{"i":{"x":0.178,"y":0.886},"o":{"x":0.333,"y":0},"t":0,"s":[499.094,841.094,0],"to":[-9.667,-466.833,0],"ti":[75.141,-1.092,0]},{"i":{"x":0.667,"y":1},"o":{"x":0.644,"y":0.09},"t":29,"s":[303.094,96.094,0],"to":[-131.01,1.905,0],"ti":[-0.333,-326.667,0]},{"t":56.0000022809268,"s":[109.094,824.094,0]}],"ix":2,"l":2},"a":{"a":0,"k":[-513.406,251.094,0],"ix":1,"l":2},"s":{"a":1,"k":[{"i":{"x":[0.667,0.667,0.667],"y":[1,1,1]},"o":{"x":[0.333,0.333,0.333],"y":[0,0,0]},"t":0,"s":[50,50,100]},{"i":{"x":[0.667,0.667,0.667],"y":[1,1,1]},"o":{"x":[0.333,0.333,0.333],"y":[0,0,0]},"t":28.834,"s":[120,120,100]},{"t":56.0000022809268,"s":[50,50,100]}],"ix":6,"l":2}},"ao":0,"shapes":[{"ty":"gr","it":[{"ty":"rc","d":1,"s":{"a":0,"k":[18.188,18.188],"ix":2},"p":{"a":0,"k":[0,0],"ix":3},"r":{"a":0,"k":96,"ix":4},"nm":"ì¬ê°í í¨ì¤ 1","mn":"ADBE Vector Shape - Rect","hd":false},{"ty":"st","c":{"a":0,"k":[0.9725490196078431,0.9058823529411765,0.10980392156862745,1],"ix":3},"o":{"a":0,"k":100,"ix":4},"w":{"a":0,"k":2,"ix":5},"lc":1,"lj":1,"ml":4,"bm":0,"nm":"ì  1","mn":"ADBE Vector Graphic - Stroke","hd":false},{"ty":"tr","p":{"a":0,"k":[-513.406,251.094],"ix":2},"a":{"a":0,"k":[0,0],"ix":1},"s":{"a":0,"k":[100,100],"ix":3},"r":{"a":0,"k":0,"ix":6},"o":{"a":0,"k":100,"ix":7},"sk":{"a":0,"k":0,"ix":4},"sa":{"a":0,"k":0,"ix":5},"nm":"ë³í"}],"nm":"ì¬ê°í 1","np":3,"cix":2,"bm":0,"ix":1,"mn":"ADBE Vector Group","hd":false}],"ip":0,"op":59.0000024031193,"st":0,"bm":0},{"ddd":0,"ind":32,"ty":4,"nm":"ëª¨ì ë ì´ì´ 7","sr":1,"ks":{"o":{"a":1,"k":[{"i":{"x":[0.667],"y":[1]},"o":{"x":[0.333],"y":[0]},"t":4,"s":[50]},{"i":{"x":[0.667],"y":[1]},"o":{"x":[0.333],"y":[0]},"t":32.834,"s":[60]},{"t":60.0000024438501,"s":[30]}],"ix":11},"r":{"a":1,"k":[{"i":{"x":[0.833],"y":[0.833]},"o":{"x":[0.167],"y":[0.167]},"t":4,"s":[0]},{"i":{"x":[0.833],"y":[0.833]},"o":{"x":[0.167],"y":[0.167]},"t":31.834,"s":[720]},{"t":62.0000025253118,"s":[990]}],"ix":10},"p":{"a":1,"k":[{"i":{"x":0.178,"y":0.871},"o":{"x":0.333,"y":0},"t":4,"s":[453.094,841.094,0],"to":[-9.667,-466.833,0],"ti":[63.078,-3.024,0]},{"i":{"x":0.667,"y":1},"o":{"x":0.644,"y":0.104},"t":33,"s":[269.094,190.094,0],"to":[-89.004,4.267,0],"ti":[-12.333,-330.667,0]},{"t":60.0000024438501,"s":[175.094,844.094,0]}],"ix":2,"l":2},"a":{"a":0,"k":[-513.406,251.094,0],"ix":1,"l":2},"s":{"a":1,"k":[{"i":{"x":[0.667,0.667,0.667],"y":[1,1,1]},"o":{"x":[0.333,0.333,0.333],"y":[0,0,0]},"t":4,"s":[50,50,100]},{"i":{"x":[0.667,0.667,0.667],"y":[1,1,1]},"o":{"x":[0.333,0.333,0.333],"y":[0,0,0]},"t":32.834,"s":[90,90,100]},{"t":60.0000024438501,"s":[50,50,100]}],"ix":6,"l":2}},"ao":0,"shapes":[{"ty":"gr","it":[{"ty":"rc","d":1,"s":{"a":0,"k":[18.188,18.188],"ix":2},"p":{"a":0,"k":[0,0],"ix":3},"r":{"a":0,"k":0,"ix":4},"nm":"ì¬ê°í í¨ì¤ 1","mn":"ADBE Vector Shape - Rect","hd":false},{"ty":"fl","c":{"a":0,"k":[0.9725490196078431,0.9058823529411765,0.10980392156862745,1],"ix":4},"o":{"a":0,"k":100,"ix":5},"r":1,"bm":0,"nm":"ì¹  1","mn":"ADBE Vector Graphic - Fill","hd":false},{"ty":"tr","p":{"a":0,"k":[-513.406,251.094],"ix":2},"a":{"a":0,"k":[0,0],"ix":1},"s":{"a":0,"k":[100,100],"ix":3},"r":{"a":0,"k":0,"ix":6},"o":{"a":0,"k":100,"ix":7},"sk":{"a":0,"k":0,"ix":4},"sa":{"a":0,"k":0,"ix":5},"nm":"ë³í"}],"nm":"ì¬ê°í 1","np":3,"cix":2,"bm":0,"ix":1,"mn":"ADBE Vector Group","hd":false}],"ip":4.00000016292334,"op":63.0000025660426,"st":4.00000016292334,"bm":0},{"ddd":0,"ind":33,"ty":4,"nm":"ëª¨ì ë ì´ì´ 6","sr":1,"ks":{"o":{"a":1,"k":[{"i":{"x":[0.667],"y":[1]},"o":{"x":[0.333],"y":[0]},"t":0,"s":[50]},{"i":{"x":[0.667],"y":[1]},"o":{"x":[0.333],"y":[0]},"t":28.834,"s":[60]},{"t":56.0000022809268,"s":[30]}],"ix":11},"r":{"a":1,"k":[{"i":{"x":[0.833],"y":[0.833]},"o":{"x":[0.167],"y":[0.167]},"t":0,"s":[0]},{"i":{"x":[0.833],"y":[0.833]},"o":{"x":[0.167],"y":[0.167]},"t":27.834,"s":[720]},{"t":58.0000023623884,"s":[990]}],"ix":10},"p":{"a":1,"k":[{"i":{"x":0.178,"y":0.89},"o":{"x":0.333,"y":0},"t":0,"s":[585.094,831.094,0],"to":[-7.667,-400.833,0],"ti":[-126.922,-3.024,0]},{"i":{"x":0.667,"y":1},"o":{"x":0.644,"y":0.086},"t":29,"s":[739.094,58.094,0],"to":[89.081,2.122,0],"ti":[-16.333,-524.667,0]},{"t":56.0000022809268,"s":[919.094,836.094,0]}],"ix":2,"l":2},"a":{"a":0,"k":[-513.406,251.094,0],"ix":1,"l":2},"s":{"a":1,"k":[{"i":{"x":[0.667,0.667,0.667],"y":[1,1,1]},"o":{"x":[0.333,0.333,0.333],"y":[0,0,0]},"t":0,"s":[50,50,100]},{"i":{"x":[0.667,0.667,0.667],"y":[1,1,1]},"o":{"x":[0.333,0.333,0.333],"y":[0,0,0]},"t":28.834,"s":[90,90,100]},{"t":56.0000022809268,"s":[50,50,100]}],"ix":6,"l":2}},"ao":0,"shapes":[{"ty":"gr","it":[{"ty":"rc","d":1,"s":{"a":0,"k":[18.188,18.188],"ix":2},"p":{"a":0,"k":[0,0],"ix":3},"r":{"a":0,"k":0,"ix":4},"nm":"ì¬ê°í í¨ì¤ 1","mn":"ADBE Vector Shape - Rect","hd":false},{"ty":"fl","c":{"a":0,"k":[0.9725490196078431,0.9058823529411765,0.10980392156862745,1],"ix":4},"o":{"a":0,"k":100,"ix":5},"r":1,"bm":0,"nm":"ì¹  1","mn":"ADBE Vector Graphic - Fill","hd":false},{"ty":"tr","p":{"a":0,"k":[-513.406,251.094],"ix":2},"a":{"a":0,"k":[0,0],"ix":1},"s":{"a":0,"k":[100,100],"ix":3},"r":{"a":0,"k":0,"ix":6},"o":{"a":0,"k":100,"ix":7},"sk":{"a":0,"k":0,"ix":4},"sa":{"a":0,"k":0,"ix":5},"nm":"ë³í"}],"nm":"ì¬ê°í 1","np":3,"cix":2,"bm":0,"ix":1,"mn":"ADBE Vector Group","hd":false}],"ip":0,"op":59.0000024031193,"st":0,"bm":0},{"ddd":0,"ind":34,"ty":4,"nm":"ëª¨ì ë ì´ì´ 5","sr":1,"ks":{"o":{"a":1,"k":[{"i":{"x":[0.667],"y":[1]},"o":{"x":[0.333],"y":[0]},"t":4,"s":[50]},{"i":{"x":[0.667],"y":[1]},"o":{"x":[0.333],"y":[0]},"t":32.834,"s":[50]},{"t":60.0000024438501,"s":[30]}],"ix":11},"r":{"a":1,"k":[{"i":{"x":[0.833],"y":[0.833]},"o":{"x":[0.167],"y":[0.167]},"t":4,"s":[0]},{"i":{"x":[0.833],"y":[0.833]},"o":{"x":[0.167],"y":[0.167]},"t":31.834,"s":[720]},{"t":62.0000025253118,"s":[990]}],"ix":10},"p":{"a":1,"k":[{"i":{"x":0.178,"y":0.883},"o":{"x":0.333,"y":0},"t":4,"s":[585.094,831.094,0],"to":[118.333,-344.833,0],"ti":[-126.922,-3.024,0]},{"i":{"x":0.667,"y":1},"o":{"x":0.644,"y":0.115},"t":33,"s":[1075.094,278.094,0],"to":[89.081,2.122,0],"ti":[9.667,-314.667,0]},{"t":60.0000024438501,"s":[1255.094,834.094,0]}],"ix":2,"l":2},"a":{"a":0,"k":[-513.406,251.094,0],"ix":1,"l":2},"s":{"a":1,"k":[{"i":{"x":[0.667,0.667,0.667],"y":[1,1,1]},"o":{"x":[0.333,0.333,0.333],"y":[0,0,0]},"t":4,"s":[50,50,100]},{"i":{"x":[0.667,0.667,0.667],"y":[1,1,1]},"o":{"x":[0.333,0.333,0.333],"y":[0,0,0]},"t":32.834,"s":[70,70,100]},{"t":60.0000024438501,"s":[50,50,100]}],"ix":6,"l":2}},"ao":0,"shapes":[{"ty":"gr","it":[{"ty":"rc","d":1,"s":{"a":0,"k":[18.188,18.188],"ix":2},"p":{"a":0,"k":[0,0],"ix":3},"r":{"a":0,"k":0,"ix":4},"nm":"ì¬ê°í í¨ì¤ 1","mn":"ADBE Vector Shape - Rect","hd":false},{"ty":"fl","c":{"a":0,"k":[0.9725490196078431,0.9058823529411765,0.10980392156862745,1],"ix":4},"o":{"a":0,"k":100,"ix":5},"r":1,"bm":0,"nm":"ì¹  1","mn":"ADBE Vector Graphic - Fill","hd":false},{"ty":"tr","p":{"a":0,"k":[-513.406,251.094],"ix":2},"a":{"a":0,"k":[0,0],"ix":1},"s":{"a":0,"k":[100,100],"ix":3},"r":{"a":0,"k":0,"ix":6},"o":{"a":0,"k":100,"ix":7},"sk":{"a":0,"k":0,"ix":4},"sa":{"a":0,"k":0,"ix":5},"nm":"ë³í"}],"nm":"ì¬ê°í 1","np":3,"cix":2,"bm":0,"ix":1,"mn":"ADBE Vector Group","hd":false}],"ip":4.00000016292334,"op":63.0000025660426,"st":4.00000016292334,"bm":0},{"ddd":0,"ind":35,"ty":4,"nm":"ëª¨ì ë ì´ì´ 4","sr":1,"ks":{"o":{"a":1,"k":[{"i":{"x":[0.667],"y":[1]},"o":{"x":[0.333],"y":[0]},"t":0,"s":[50]},{"i":{"x":[0.667],"y":[1]},"o":{"x":[0.333],"y":[0]},"t":28.834,"s":[90]},{"t":56.0000022809268,"s":[30]}],"ix":11},"r":{"a":1,"k":[{"i":{"x":[0.833],"y":[0.833]},"o":{"x":[0.167],"y":[0.167]},"t":0,"s":[0]},{"i":{"x":[0.833],"y":[0.833]},"o":{"x":[0.167],"y":[0.167]},"t":27.834,"s":[720]},{"t":58.0000023623884,"s":[990]}],"ix":10},"p":{"a":1,"k":[{"i":{"x":0.178,"y":0.892},"o":{"x":0.333,"y":0},"t":0,"s":[585.094,831.094,0],"to":[36.333,-412.833,0],"ti":[-126.922,-3.024,0]},{"i":{"x":0.667,"y":1},"o":{"x":0.644,"y":0.096},"t":29,"s":[949.094,126.094,0],"to":[89.081,2.122,0],"ti":[21.667,-314.667,0]},{"t":56.0000022809268,"s":[1077.094,824.094,0]}],"ix":2,"l":2},"a":{"a":0,"k":[-513.406,251.094,0],"ix":1,"l":2},"s":{"a":1,"k":[{"i":{"x":[0.667,0.667,0.667],"y":[1,1,1]},"o":{"x":[0.333,0.333,0.333],"y":[0,0,0]},"t":0,"s":[50,50,100]},{"i":{"x":[0.667,0.667,0.667],"y":[1,1,1]},"o":{"x":[0.333,0.333,0.333],"y":[0,0,0]},"t":28.834,"s":[120,120,100]},{"t":56.0000022809268,"s":[50,50,100]}],"ix":6,"l":2}},"ao":0,"shapes":[{"ty":"gr","it":[{"ty":"rc","d":1,"s":{"a":0,"k":[18.188,18.188],"ix":2},"p":{"a":0,"k":[0,0],"ix":3},"r":{"a":0,"k":0,"ix":4},"nm":"ì¬ê°í í¨ì¤ 1","mn":"ADBE Vector Shape - Rect","hd":false},{"ty":"fl","c":{"a":0,"k":[0.9725490196078431,0.9058823529411765,0.10980392156862745,1],"ix":4},"o":{"a":0,"k":100,"ix":5},"r":1,"bm":0,"nm":"ì¹  1","mn":"ADBE Vector Graphic - Fill","hd":false},{"ty":"tr","p":{"a":0,"k":[-513.406,251.094],"ix":2},"a":{"a":0,"k":[0,0],"ix":1},"s":{"a":0,"k":[100,100],"ix":3},"r":{"a":0,"k":0,"ix":6},"o":{"a":0,"k":100,"ix":7},"sk":{"a":0,"k":0,"ix":4},"sa":{"a":0,"k":0,"ix":5},"nm":"ë³í"}],"nm":"ì¬ê°í 1","np":3,"cix":2,"bm":0,"ix":1,"mn":"ADBE Vector Group","hd":false}],"ip":0,"op":59.0000024031193,"st":0,"bm":0},{"ddd":0,"ind":36,"ty":4,"nm":"ëª¨ì ë ì´ì´ 3","sr":1,"ks":{"o":{"a":1,"k":[{"i":{"x":[0.667],"y":[1]},"o":{"x":[0.333],"y":[0]},"t":4,"s":[50]},{"i":{"x":[0.667],"y":[1]},"o":{"x":[0.333],"y":[0]},"t":32.834,"s":[80]},{"t":60.0000024438501,"s":[30]}],"ix":11},"r":{"a":1,"k":[{"i":{"x":[0.833],"y":[0.833]},"o":{"x":[0.167],"y":[0.167]},"t":4,"s":[0]},{"i":{"x":[0.833],"y":[0.833]},"o":{"x":[0.167],"y":[0.167]},"t":31.834,"s":[720]},{"t":62.0000025253118,"s":[990]}],"ix":10},"p":{"a":1,"k":[{"i":{"x":0.178,"y":0.882},"o":{"x":0.333,"y":0},"t":4,"s":[447.094,829.094,0],"to":[6.333,-266.833,0],"ti":[-126.922,-3.024,0]},{"i":{"x":0.667,"y":1},"o":{"x":0.644,"y":0.107},"t":33,"s":[817.094,200.094,0],"to":[89.081,2.122,0],"ti":[15.667,-216.667,0]},{"t":60.0000024438501,"s":[947.094,828.094,0]}],"ix":2,"l":2},"a":{"a":0,"k":[-513.406,251.094,0],"ix":1,"l":2},"s":{"a":1,"k":[{"i":{"x":[0.667,0.667,0.667],"y":[1,1,1]},"o":{"x":[0.333,0.333,0.333],"y":[0,0,0]},"t":4,"s":[50,50,100]},{"i":{"x":[0.667,0.667,0.667],"y":[1,1,1]},"o":{"x":[0.333,0.333,0.333],"y":[0,0,0]},"t":32.834,"s":[90,90,100]},{"t":60.0000024438501,"s":[50,50,100]}],"ix":6,"l":2}},"ao":0,"shapes":[{"ty":"gr","it":[{"ty":"rc","d":1,"s":{"a":0,"k":[18.188,18.188],"ix":2},"p":{"a":0,"k":[0,0],"ix":3},"r":{"a":0,"k":0,"ix":4},"nm":"ì¬ê°í í¨ì¤ 1","mn":"ADBE Vector Shape - Rect","hd":false},{"ty":"fl","c":{"a":0,"k":[0.9725490196078431,0.20784313725490197,0.29411764705882354,1],"ix":4},"o":{"a":0,"k":100,"ix":5},"r":1,"bm":0,"nm":"ì¹  1","mn":"ADBE Vector Graphic - Fill","hd":false},{"ty":"tr","p":{"a":0,"k":[-513.406,251.094],"ix":2},"a":{"a":0,"k":[0,0],"ix":1},"s":{"a":0,"k":[100,100],"ix":3},"r":{"a":0,"k":0,"ix":6},"o":{"a":0,"k":100,"ix":7},"sk":{"a":0,"k":0,"ix":4},"sa":{"a":0,"k":0,"ix":5},"nm":"ë³í"}],"nm":"ì¬ê°í 1","np":3,"cix":2,"bm":0,"ix":1,"mn":"ADBE Vector Group","hd":false}],"ip":4.00000016292334,"op":63.0000025660426,"st":4.00000016292334,"bm":0},{"ddd":0,"ind":37,"ty":4,"nm":"ëª¨ì ë ì´ì´ 2","sr":1,"ks":{"o":{"a":1,"k":[{"i":{"x":[0.667],"y":[1]},"o":{"x":[0.333],"y":[0]},"t":0,"s":[50]},{"i":{"x":[0.667],"y":[1]},"o":{"x":[0.333],"y":[0]},"t":28.834,"s":[80]},{"t":56.0000022809268,"s":[30]}],"ix":11},"r":{"a":1,"k":[{"i":{"x":[0.833],"y":[0.833]},"o":{"x":[0.167],"y":[0.167]},"t":0,"s":[0]},{"i":{"x":[0.833],"y":[0.833]},"o":{"x":[0.167],"y":[0.167]},"t":27.834,"s":[720]},{"t":58.0000023623884,"s":[990]}],"ix":10},"p":{"a":1,"k":[{"i":{"x":0.178,"y":0.888},"o":{"x":0.333,"y":0},"t":0,"s":[447.094,829.094,0],"to":[-29.667,-302.833,0],"ti":[104.841,6.491,0]},{"i":{"x":0.667,"y":1},"o":{"x":0.644,"y":0.091},"t":29,"s":[159.094,94.094,0],"to":[-124.996,-7.738,0],"ti":[-12.333,-284.667,0]},{"t":56.0000022809268,"s":[37.094,830.094,0]}],"ix":2,"l":2},"a":{"a":0,"k":[-513.406,251.094,0],"ix":1,"l":2},"s":{"a":1,"k":[{"i":{"x":[0.667,0.667,0.667],"y":[1,1,1]},"o":{"x":[0.333,0.333,0.333],"y":[0,0,0]},"t":0,"s":[50,50,100]},{"i":{"x":[0.667,0.667,0.667],"y":[1,1,1]},"o":{"x":[0.333,0.333,0.333],"y":[0,0,0]},"t":28.834,"s":[115,115,100]},{"t":56.0000022809268,"s":[50,50,100]}],"ix":6,"l":2}},"ao":0,"shapes":[{"ty":"gr","it":[{"ty":"rc","d":1,"s":{"a":0,"k":[18.188,18.188],"ix":2},"p":{"a":0,"k":[0,0],"ix":3},"r":{"a":0,"k":0,"ix":4},"nm":"ì¬ê°í í¨ì¤ 1","mn":"ADBE Vector Shape - Rect","hd":false},{"ty":"fl","c":{"a":0,"k":[0.9725490196078431,0.20784313725490197,0.29411764705882354,1],"ix":4},"o":{"a":0,"k":100,"ix":5},"r":1,"bm":0,"nm":"ì¹  1","mn":"ADBE Vector Graphic - Fill","hd":false},{"ty":"tr","p":{"a":0,"k":[-513.406,251.094],"ix":2},"a":{"a":0,"k":[0,0],"ix":1},"s":{"a":0,"k":[100,100],"ix":3},"r":{"a":0,"k":0,"ix":6},"o":{"a":0,"k":100,"ix":7},"sk":{"a":0,"k":0,"ix":4},"sa":{"a":0,"k":0,"ix":5},"nm":"ë³í"}],"nm":"ì¬ê°í 1","np":3,"cix":2,"bm":0,"ix":1,"mn":"ADBE Vector Group","hd":false}],"ip":0,"op":59.0000024031193,"st":0,"bm":0},{"ddd":0,"ind":38,"ty":4,"nm":"ëª¨ì ë ì´ì´ 13","sr":1,"ks":{"o":{"a":1,"k":[{"i":{"x":[0.667],"y":[1]},"o":{"x":[0.333],"y":[0]},"t":4,"s":[50]},{"i":{"x":[0.667],"y":[1]},"o":{"x":[0.333],"y":[0]},"t":33,"s":[50]},{"t":60.0000024438501,"s":[30]}],"ix":11},"r":{"a":1,"k":[{"i":{"x":[0.833],"y":[0.833]},"o":{"x":[0.167],"y":[0.167]},"t":4,"s":[0]},{"i":{"x":[0.833],"y":[0.833]},"o":{"x":[0.167],"y":[0.167]},"t":32,"s":[720]},{"t":62.0000025253118,"s":[990]}],"ix":10},"p":{"a":1,"k":[{"i":{"x":0.178,"y":0.885},"o":{"x":0.333,"y":0},"t":4,"s":[699.094,825.094,0],"to":[4.333,-134.833,0],"ti":[104.863,-6.122,0]},{"i":{"x":0.667,"y":1},"o":{"x":0.644,"y":0.09},"t":33,"s":[543.094,72.094,0],"to":[-72.996,4.262,0],"ti":[5.667,-438.667,0]},{"t":60.0000024438501,"s":[439.094,832.094,0]}],"ix":2,"l":2},"a":{"a":0,"k":[-513.406,251.094,0],"ix":1,"l":2},"s":{"a":1,"k":[{"i":{"x":[0.667,0.667,0.667],"y":[1,1,1]},"o":{"x":[0.333,0.333,0.333],"y":[0,0,0]},"t":4,"s":[50,50,100]},{"i":{"x":[0.667,0.667,0.667],"y":[1,1,1]},"o":{"x":[0.333,0.333,0.333],"y":[0,0,0]},"t":33,"s":[80,80,100]},{"t":60.0000024438501,"s":[50,50,100]}],"ix":6,"l":2}},"ao":0,"shapes":[{"ty":"gr","it":[{"ty":"rc","d":1,"s":{"a":0,"k":[18.188,18.188],"ix":2},"p":{"a":0,"k":[0,0],"ix":3},"r":{"a":0,"k":0,"ix":4},"nm":"ì¬ê°í í¨ì¤ 1","mn":"ADBE Vector Shape - Rect","hd":false},{"ty":"fl","c":{"a":0,"k":[0.9725490196078431,0.9058823529411765,0.10980392156862745,1],"ix":4},"o":{"a":0,"k":100,"ix":5},"r":1,"bm":0,"nm":"ì¹  1","mn":"ADBE Vector Graphic - Fill","hd":false},{"ty":"tr","p":{"a":0,"k":[-513.406,251.094],"ix":2},"a":{"a":0,"k":[0,0],"ix":1},"s":{"a":0,"k":[100,100],"ix":3},"r":{"a":0,"k":0,"ix":6},"o":{"a":0,"k":100,"ix":7},"sk":{"a":0,"k":0,"ix":4},"sa":{"a":0,"k":0,"ix":5},"nm":"ë³í"}],"nm":"ì¬ê°í 1","np":3,"cix":2,"bm":0,"ix":1,"mn":"ADBE Vector Group","hd":false}],"ip":4.00000016292334,"op":63.0000025660426,"st":4.00000016292334,"bm":0},{"ddd":0,"ind":39,"ty":4,"nm":"ëª¨ì ë ì´ì´ 1","sr":1,"ks":{"o":{"a":1,"k":[{"i":{"x":[0.667],"y":[1]},"o":{"x":[0.333],"y":[0]},"t":0,"s":[50]},{"i":{"x":[0.667],"y":[1]},"o":{"x":[0.333],"y":[0]},"t":29,"s":[35]},{"t":56.0000022809268,"s":[30]}],"ix":11},"r":{"a":1,"k":[{"i":{"x":[0.833],"y":[0.833]},"o":{"x":[0.167],"y":[0.167]},"t":0,"s":[0]},{"i":{"x":[0.833],"y":[0.833]},"o":{"x":[0.167],"y":[0.167]},"t":28,"s":[720]},{"t":58.0000023623884,"s":[990]}],"ix":10},"p":{"a":1,"k":[{"i":{"x":0.178,"y":0.894},"o":{"x":0.333,"y":0},"t":0,"s":[547.094,829.094,0],"to":[4.333,-134.833,0],"ti":[104.958,-4.186,0]},{"i":{"x":0.667,"y":1},"o":{"x":0.644,"y":0.078},"t":29,"s":[395.739,10.075,0],"to":[-156.996,6.262,0],"ti":[5.667,-438.667,0]},{"t":56.0000022809268,"s":[165.094,840.094,0]}],"ix":2,"l":2},"a":{"a":0,"k":[-513.406,249.189,0],"ix":1,"l":2},"s":{"a":1,"k":[{"i":{"x":[0.667,0.667,0.667],"y":[1,1,1]},"o":{"x":[0.333,0.333,0.333],"y":[0,0,0]},"t":0,"s":[50,50,100]},{"i":{"x":[0.667,0.667,0.667],"y":[1,1,1]},"o":{"x":[0.333,0.333,0.333],"y":[0,0,0]},"t":29,"s":[125,125,100]},{"t":56.0000022809268,"s":[50,50,100]}],"ix":6,"l":2}},"ao":0,"shapes":[{"ty":"gr","it":[{"ty":"rc","d":1,"s":{"a":0,"k":[18.188,18.188],"ix":2},"p":{"a":0,"k":[0,0],"ix":3},"r":{"a":0,"k":0,"ix":4},"nm":"ì¬ê°í í¨ì¤ 1","mn":"ADBE Vector Shape - Rect","hd":false},{"ty":"fl","c":{"a":0,"k":[0.976470588235,0.207843137255,0.298039215686,1],"ix":4},"o":{"a":0,"k":100,"ix":5},"r":1,"bm":0,"nm":"ì¹  1","mn":"ADBE Vector Graphic - Fill","hd":false},{"ty":"tr","p":{"a":0,"k":[-513.406,251.094],"ix":2},"a":{"a":0,"k":[0,0],"ix":1},"s":{"a":0,"k":[100,100],"ix":3},"r":{"a":0,"k":0,"ix":6},"o":{"a":0,"k":100,"ix":7},"sk":{"a":0,"k":0,"ix":4},"sa":{"a":0,"k":0,"ix":5},"nm":"ë³í"}],"nm":"ì¬ê°í 1","np":3,"cix":2,"bm":0,"ix":1,"mn":"ADBE Vector Group","hd":false}],"ip":0,"op":59.0000024031193,"st":0,"bm":0}],"markers":[]}